"plot","subplot","family","genus","search.str","rgr","dbh_init"
"control","52","Lauraceae","Ocotea","Ocotea caudata",0.0228790330238417,1.9
"control","52","Burseraceae","Protium","Protium altissimum",0.0125411761000213,1.5
"control","52","Fabaceae","Inga","Inga heterophylla",0.0452070221259034,2.4
"control","52","Simaroubaceae","Homalolepis","Homalolepis cedron",0.0805827540711901,5
"control","52","Violaceae","Rinorea","Rinorea pubiflora var. pubiflora",0.0398487009552993,6.3
"control","52",NA,NA,NA,0.018908106363402,4.1
"control","52","Fabaceae","Inga","Inga alba",0.32344748737691,4.2
"control","52","Combretaceae","Buchenavia","Buchenavia oxycarpa",0.200632532612493,6
"control","52","Ochnaceae","Ouratea","Ouratea paraensis",0.117096108533074,1.9
"control","52","Violaceae","Rinorea","Rinorea pubiflora var. pubiflora",0.00935754002667409,7.1
"control","52","Siparunaceae","Siparuna","Siparuna cuspidata",0.102186427844365,3.8
"control","52","Lecythidaceae","Eschweilera","Eschweilera coriacea",0.00674676524953697,4.1
"control","52","Melastomataceae","Mouriri","Mouriri apiranga",0.225052146324131,5.9
"control","52","Combretaceae","Terminalia","Terminalia argentea",0.116241819407207,5
"control","52","Sapotaceae","Ecclinusa","Ecclinusa ramiflora",0.191907800807352,1.2
"control","52","Melastomataceae","Miconia","Miconia affinis",0.109410828288136,2.3
"control","52","Melastomataceae","Miconia","Miconia affinis",0.102531124399172,4.2
"control","52","Rubiaceae","Posoqueria","Posoqueria latifolia",0.0052050095039822,1.7
"control","52","Burseraceae","Protium","Protium altissimum",0.0257999947345298,1
"control","52","Burseraceae","Protium","Protium altissimum",0.170988691947483,2.9
"control","52","Burseraceae","Protium","Protium altissimum",0.10770147831545,2.2
"control","52","Sapotaceae","Pouteria","Pouteria guianensis",0.0426362618225567,1.9
"control","52","Boraginaceae","Cordia","Cordia exaltata",0.323488270396731,1.4
"control","52","Urticaceae","Cecropia","Cecropia sciadophylla",0.0805375943056764,1.7
"control","52","Burseraceae","Protium","Protium altissimum",0.00902051886412873,2.5
"control","52","Burseraceae","Protium","Protium altissimum",0.0924651521328621,2.7
"control","53","Myrtaceae","Myrcia","Myrcia splendens",0.10307463264519,3
"control","53","Burseraceae","Protium","Protium altissimum",0.0275627891482551,1.7
"control","53","Burseraceae","Protium","Protium altissimum",0.121103940126434,1
"control","53","Chrysobalanaceae","Licania","Licania canescens",0.00119788500324576,2.4
"control","53","Chrysobalanaceae","Licania","Licania canescens",0.0941653061860537,2.3
"control","53","Burseraceae","Protium","Protium krukovii",0.366039106765592,7.8
"control","53","Clusiaceae","Symphonia","Symphonia globulifera",0.0354132580368961,2.1
"control","53","Elaeocarpaceae","Sloanea","Sloanea guianensis",0.0240096527528216,7
"control","53","Fabaceae","Inga","Inga nobilis",0.0414955385811954,1.1
"control","53","Sapotaceae","Pouteria","Pouteria krukovii",0.0220038725184421,1.8
"control","53","Myrtaceae","Eugenia","Eugenia flavescens",0.186938911429098,5.2
"control","53","Lauraceae","Ocotea","Ocotea caudata",0.0151458209380284,2.3
"control","53","Fabaceae","Swartzia","Swartzia racemosa",0.0351801874276448,2.5
"control","53","Apocynaceae","Geissospermum","Geissospermum laeve",0.0434529022307782,5.2
"control","53","Fabaceae","Zygia","Zygia racemosa",0.00143946371470363,2.1
"control","53","Sapotaceae","Micropholis","Micropholis venulosa",0.223510474922516,4.5
"control","53","Myrtaceae","Eugenia","Eugenia flavescens",0.122195509805017,3.1
"control","53","Chrysobalanaceae","Parinari","Parinari excelsa",0.0110456798997218,1.7
"control","53","Lauraceae","Ocotea","Ocotea canaliculata",0.180094816607476,5.4
"control","53","Burseraceae","Protium","Protium apiculatum",0.0309739505983717,1.8
"control","53","Nyctaginaceae","Neea","Neea oppositifolia",0.167950050924392,9.3
"control","53","Violaceae","Rinorea","Rinorea guianensis",0.197811733081048,1.8
"control","53","Burseraceae","Protium","Protium altissimum",0.0106893422381272,3.5
"control","53","Burseraceae","Protium","Protium altissimum",0.00660798392889745,1.7
"control","53","Chrysobalanaceae","Hirtella","Hirtella eriandra",0.0441507397769645,1.2
"control","53","Burseraceae","Protium","Protium altissimum",0.0292387248291556,3.7
"control","53","Burseraceae","Protium","Protium altissimum",0.0693559657594487,1.3
"control","53","Malvaceae","Theobroma","Theobroma speciosum",0.00478254294610471,3.3
"control","53","Boraginaceae","Cordia","Cordia nodosa",0.108349391879846,2.5
"control","53","Fabaceae","Vouacapoua","Vouacapoua americana",0.0341960800621775,1.1
"control","53","Celastraceae","Cheiloclinium","Cheiloclinium cognatum",0.165030262882176,3.3
"control","53","Celastraceae","Monteverdia","Monteverdia myrsinoides",0.19221335855672,3.7
"control","53","Annonaceae","Bocageopsis","Bocageopsis multiflora",0.0953430713936167,8.6
"control","53","Sapotaceae","Pouteria","Pouteria venosa",0.0375439347879598,1.3
"control","53","Simaroubaceae","Simaba","Simaba guianensis",0.074396189203609,1.9
"control","53","Lamiaceae","Vitex","Vitex triflora",0.0399801206115706,4
"control","53","Chrysobalanaceae","Licania","Licania canescens",0.0711125575089384,5.3
"control","53","Sapotaceae","Pouteria","Pouteria bangii",0.0167983808142729,1.8
"control","53",NA,NA,NA,0.0293844573306584,8.3
"control","53","Annonaceae","Duguetia","Duguetia echinophora",0.0477032138854735,3.7
"control","53","Sapotaceae","Pouteria","Pouteria cladantha",0.0763193269204678,4
"control","53","Fabaceae","Inga","Inga auristellae",0.262180643299661,7.9
"control","53","Myrtaceae","Myrcia","Myrcia splendens",0.00231613042347768,1.4
"control","53","Lecythidaceae","Eschweilera","Eschweilera collina",0.0393462834912962,3
"control","53","Lecythidaceae","Couratari","Couratari guianensis",0.0345246051698106,7.7
"control","53","Burseraceae","Protium","Protium pilosissimum",0.135277719618899,1.2
"control","53","Clusiaceae","Symphonia","Symphonia globulifera",0.0680938440696533,1.3
"control","53","Chrysobalanaceae","Licania","Licania apetala",0.0316523592706629,1.5
"control","54","Myrtaceae","Eugenia","Eugenia flavescens",0.116798921330781,1.3
"control","54","Annonaceae","Unonopsis","Unonopsis guatterioides",0.108944887740757,3.3
"control","54","Sapotaceae","Pouteria","Pouteria anibifolia",0.0669957632142594,1.8
"control","54","Sapotaceae","Pouteria","Pouteria cladantha",0.0512789901747792,4.5
"control","54","Celastraceae","Monteverdia","Monteverdia myrsinoides",NA,6.1
"control","54","Burseraceae","Protium","Protium trifoliolatum",0.0236042600143799,2.4
"control","54","Rubiaceae","Faramea","Faramea crassifolia",0.117933690768531,1.5
"control","54","Fabaceae","Vouacapoua","Vouacapoua americana",0.0678149082933788,1.4
"control","54","Sapotaceae","Pouteria","Pouteria procera",0.113482644344838,3.8
"control","54","Celastraceae","Monteverdia","Monteverdia myrsinoides",0.224417630685517,2.2
"control","54","Annonaceae","Duguetia","Duguetia cadaverica",0.13749586710422,1.5
"control","54","Sapotaceae","Pouteria","Pouteria decorticans",0.186449954738513,1
"control","54","Sapotaceae","Pouteria","Pouteria oppositifolia",0.158060091386715,5.9
"control","54","Moraceae","Maquira","Maquira sclerophylla",0.0403333478368507,5.9
"control","54","Fabaceae","Inga","Inga heterophylla",0.0535444832309059,1.8
"control","54","Sapotaceae","Micropholis","Micropholis guyanensis",0.249948703244051,2
"control","54","Sapotaceae","Pouteria","Pouteria jariensis",0.0765871367121732,3.9
"control","54","Sapotaceae","Pouteria","Pouteria venosa",0.0766247434562577,3.3
"control","54","Sapotaceae","Pouteria","Pouteria procera",0.0482916410550576,1.4
"control","54","Fabaceae","Inga","Inga umbellifera",0.0975945038248443,1.9
"control","54",NA,NA,NA,0.0378012077681445,3.1
"control","54","Sapotaceae","Pouteria","Pouteria krukovii",0.32949956164289,4
"control","54","Sapotaceae","Pouteria","Pouteria jariensis",0.335770073421453,1.4
"control","54","Lecythidaceae","Couratari","Couratari guianensis",0.049839920880333,5.1
"control","54","Myrtaceae","Eugenia","Eugenia stictopetala",0.0482351760644739,2.1
"control","54","Annonaceae","Duguetia","Duguetia cadaverica",0.0243782281614034,1.4
"control","54","Sapotaceae","Pouteria","Pouteria krukovii",0.0301300815855179,2
"control","54","Olacaceae","Minquartia","Minquartia guianensis",0.0855351297448453,8.9
"control","54","Chrysobalanaceae","Licania","Licania heteromorpha",0.173109125275216,2.7
"control","54","Sapotaceae","Ecclinusa","Ecclinusa ramiflora",0.203345173648749,4.1
"control","54","Lauraceae","Ocotea","Ocotea caudata",0.0341969538374367,1.5
"control","54","Myristicaceae","Iryanthera","Iryanthera laevis",0.0721998691933734,2.5
"control","54","Malvaceae","Theobroma","Theobroma speciosum",0.0579651013031572,1.5
"control","54","Olacaceae","Minquartia","Minquartia guianensis",0.158978700614817,2.1
"control","54","Burseraceae","Protium","Protium altissimum",0.00297095502427356,1.5
"control","54","Fabaceae","Zygia","Zygia racemosa",0.019006866290029,1.2
"control","55","Sapotaceae","Pouteria","Pouteria sagotiana",0.0617695114290813,2
"control","55",NA,NA,NA,0.729669103949427,4.8
"control","55","Myrtaceae","Myrciaria","Myrciaria tenella",0.0395665634715865,1.3
"control","55","Burseraceae","Protium","Protium altissimum",0.259596948745784,8.5
"control","55","Lecythidaceae","Couratari","Couratari guianensis",0.0623190711192895,2.1
"control","55","Sapotaceae","Pouteria","Pouteria cladantha",0.0132096062087319,4.9
"control","55","Burseraceae","Protium","Protium altissimum",0.19463369170769,1.5
"control","55","Chrysobalanaceae","Couepia","Couepia guianensis",0.0884544077041399,1.3
"control","55","Burseraceae","Protium","Protium krukovii",0.209340796956397,5.6
"control","55","Ochnaceae","Ouratea","Ouratea paraensis",0.108265029056901,2.5
"control","55","Sapotaceae","Pouteria","Pouteria decorticans",0.0602104684762543,4.6
"control","55",NA,NA,NA,0.145445664096768,5.8
"control","55","Burseraceae","Protium","Protium altissimum",0.275968313006871,8.4
"control","55","Fabaceae","Bocoa","Bocoa viridiflora",0.0266436527123692,4.7
"control","55","Fabaceae","Swartzia","Swartzia arborescens",0.0238104551001442,2.6
"control","55","Fabaceae","Vouacapoua","Vouacapoua americana",0.0685687960444543,2.7
"control","55","Myristicaceae","Iryanthera","Iryanthera laevis",0.120616476837432,1.9
"control","55","Rubiaceae","Faramea","Faramea crassifolia",0.2331397652185,1.8
"control","55","Melastomataceae","Mouriri","Mouriri brachyanthera",0.0842293727436484,3.5
"control","55","Chrysobalanaceae","Hirtella","Hirtella racemosa var. hispida",0.0628217542564521,3.9
"control","55",NA,NA,NA,NA,2
"control","55","Lauraceae","Ocotea","Ocotea caudata",0.020419439372314,2.1
"control","55","Nyctaginaceae","Guapira","Guapira venosa",0.22721425395944,1.6
"control","55","Burseraceae","Protium","Protium altissimum",2.68423300899095e-16,1.2
"control","55","Burseraceae","Protium","Protium altissimum",0.0253903212383183,1.3
"control","55","Annonaceae","Bocageopsis","Bocageopsis multiflora",0.0170195467216015,1.9
"control","56","Sapotaceae","Pouteria","Pouteria venosa",0.089380539153956,3.5
"control","56","Burseraceae","Protium","Protium altissimum",0.0582264180911917,2.5
"control","56","Violaceae","Rinorea","Rinorea guianensis",0.0290127488340506,1.9
"control","56","Rubiaceae","Faramea","Faramea crassifolia",0.0354195444010284,2.9
"control","56","Burseraceae","Protium","Protium trifoliolatum",0.224848537223917,5.5
"control","56",NA,NA,NA,0.0276548808219726,2.8
"control","56","Fabaceae","Stryphnodendron","Stryphnodendron paniculatum",0.0404370404878199,1.3
"control","56","Burseraceae","Protium","Protium trifoliolatum",0.0292695256516914,2
"control","56","Burseraceae","Protium","Protium altissimum",0.0350471602063323,3
"control","56","Fabaceae","Zygia","Zygia racemosa",0.041728935663258,1.3
"control","56","Violaceae","Rinorea","Rinorea guianensis",0.0505701774640092,8.8
"control","56","Chrysobalanaceae","Licania","Licania canescens",0.0330608107665482,2
"control","56","Fabaceae","Zygia","Zygia racemosa",0.048874642688752,2
"control","56","Chrysobalanaceae","Hirtella","Hirtella glandulosa",0.0895778737999291,2.6
"control","56","Lecythidaceae","Eschweilera","Eschweilera coriacea",0.00102545216607816,4.5
"control","56","Bignoniaceae","Fridericia","Fridericia cinnamomea",0.0594816135999067,1.4
"control","56","Lecythidaceae","Eschweilera","Eschweilera amazonica",0.0215571468978172,3.9
"control","56","Sapotaceae","Pouteria","Pouteria venosa",0.0178453140837117,1.9
"control","56","Sapotaceae","Pouteria","Pouteria cladantha",0.0159696136222639,2.3
"control","56","Lecythidaceae","Eschweilera","Eschweilera pedicellata",0.00682274765132862,3.1
"control","56","Burseraceae","Protium","Protium altissimum",0.0544207852004602,4.9
"control","56","Burseraceae","Protium","Protium altissimum",0.0312288467350548,3.2
"control","56",NA,NA,NA,0.0007432637076937,NA
"control","56",NA,NA,NA,0.00987287181763524,NA
"control","56",NA,NA,NA,0.00599751646881874,NA
"control","56",NA,NA,NA,0.0304336953780863,NA
"control","56",NA,NA,NA,0.0351429501547621,NA
"control","56",NA,NA,NA,0.0238691309174408,NA
"control","56",NA,NA,NA,0.00674902623649594,NA
"control","65","Burseraceae","Protium","Protium altissimum",0.00215800403677619,3.9
"control","65","Quiinaceae","Lacunaria","Lacunaria crenata",0.0215273485244466,3.1
"control","65","Connaraceae","Connarus","Connarus erianthus",0.0318343158657342,2
"control","65","Lecythidaceae","Eschweilera","Eschweilera amazonica",0.0210982658959551,2.3
"control","65","Loganiaceae","Strychnos","Strychnos amazonica",0.00334571065629202,2.4
"control","65","Sapotaceae","Pouteria","Pouteria krukovii",0.00629579789681338,2.9
"control","65","Sapotaceae","Pouteria","Pouteria elegans",0.00153833714165452,3.1
"control","65","Chrysobalanaceae","Leptobalanus","Leptobalanus apetalus",0.071349215762078,1.2
"control","65",NA,NA,NA,0.0307148205978831,1.9
"control","65","Fabaceae","Tachigali","Tachigali paraensis",0.00108167350960393,2.9
"control","65","Violaceae","Rinorea","Rinorea guianensis",0.0476956233966097,6.3
"control","65","Moraceae","Brosimum","Brosimum rubescens",0.0700095415888485,3.6
"control","65","Lecythidaceae","Eschweilera","Eschweilera coriacea",0.0414367179878196,5
"control","65","Violaceae","Rinorea","Rinorea guianensis",0.00921543440553954,2.5
"control","65","Melastomataceae","Mouriri","Mouriri brachyanthera",0.0944620106387342,6.7
"control","65","Chrysobalanaceae","Licania","Licania heteromorpha",0.00507229100115281,2.6
"control","65","Fabaceae","Tachigali","Tachigali glauca",0.0162666657339125,4.8
"control","65","Burseraceae","Protium","Protium krukovii",0.125508517028598,2.2
"control","65","Ochnaceae","Ouratea","Ouratea salicifolia",0.158122743682309,2.3
"control","65","Melastomataceae","Mouriri","Mouriri brachyanthera",0.0304780252179503,3.9
"control","65","Sapotaceae","Ecclinusa","Ecclinusa guianensis",0.0283510160320203,6
"control","65","Rubiaceae","Faramea","Faramea crassifolia",0.0474240413845589,2.1
"control","66","Quiinaceae","Quiina","Quiina florida",0.0754014669202142,2
"control","66","Violaceae","Leonia","Leonia cymosa",0.167413971027634,4
"control","66","Quiinaceae","Quiina","Quiina florida",0.108824814253259,9
"control","66","Lecythidaceae","Eschweilera","Eschweilera collina",8.27557758006602e-16,1.9
"control","66","Apocynaceae","Aspidosperma","Aspidosperma excelsum",0.253022335065695,2
"control","66","Lecythidaceae","Eschweilera","Eschweilera amazonica",0.0226926803222424,2
"control","66","Chrysobalanaceae","Licania","Licania apetala",0.0121483403594302,2.3
"control","66","Melastomataceae","Mouriri","Mouriri brachyanthera",0.0100949011214642,1.4
"control","66","Rubiaceae","Faramea","Faramea crassifolia",0.0831716098184066,2.2
"control","66","Lecythidaceae","Eschweilera","Eschweilera collina",0.0296358409509821,1.3
"control","66","Lecythidaceae","Eschweilera","Eschweilera pedicellata",0.108385999970724,2.9
"control","66","Annonaceae","Duguetia","Duguetia cadaverica",0.0119498016024014,1.9
"control","66","Lecythidaceae","Eschweilera","Eschweilera collina",0.2328494768665,1.3
"control","66","Lecythidaceae","Eschweilera","Eschweilera collina",0.0817813421743323,1.3
"control","66","Burseraceae","Protium","Protium trifoliolatum",0.245601243109074,1.2
"control","66","Fabaceae","Vouacapoua","Vouacapoua americana",0.0624399228876578,3
"control","67","Burseraceae","Protium","Protium trifoliolatum",0.105381059420451,2
"control","67","Melastomataceae","Mouriri","Mouriri brachyanthera",0.00576968809158741,2.7
"control","67","Fabaceae","Swartzia","Swartzia racemosa",0.135005387867851,3.3
"control","67","Sapotaceae","Pouteria","Pouteria procera",0.0724231588373387,1.5
"control","67","Annonaceae","Duguetia","Duguetia cadaverica",0.074196843556872,2.3
"control","67","Sapindaceae","Talisia","Talisia mollis",0.0121011467456413,1.7
"control","67","Sapotaceae","Manilkara","Manilkara elata",0.0997596219984494,2.9
"control","67","Euphorbiaceae","Conceveiba","Conceveiba guianensis",0.145876061942681,2.4
"control","67","Fabaceae","Swartzia","Swartzia racemosa",4.51247045212263e-16,2
"control","67","Fabaceae","Inga","Inga auristellae",0.118215438793812,2
"control","67","Celastraceae","Monteverdia","Monteverdia myrsinoides",0.094556361389128,2
"control","67","Violaceae","Rinorea","Rinorea pubiflora var. pubiflora",0.0965340803768952,2.8
"control","67","Elaeocarpaceae","Sloanea","Sloanea sinemariensis",0.0469511465414017,5.3
"control","67","Boraginaceae","Cordia","Cordia nodosa",0.100521512297033,1.2
"control","67","Chrysobalanaceae","Licania","Licania canescens",0.0846307002547597,1.9
"control","67","Sapotaceae","Pouteria","Pouteria krukovii",0.0838409885828141,8.6
"control","67","Sapotaceae","Pouteria","Pouteria jariensis",0.22123158448684,7.8
"control","67","Burseraceae","Protium","Protium krukovii",0.113539179431185,1.3
"control","68","Lecythidaceae","Eschweilera","Eschweilera amazonica",0.0470421024500697,3.3
"control","68","Myrtaceae","Eugenia","Eugenia flavescens",0.020628958305709,7.9
"control","68","Chrysobalanaceae","Licania","Licania canescens",0.0295225756272818,3
"control","68","Fabaceae","Inga","Inga umbellifera",0.00987824888655075,4.5
"control","68","Sapotaceae","Pouteria","Pouteria venosa",0.0337230520573616,3.1
"control","68","Moraceae","Brosimum","Brosimum lactescens",0.0233699226133433,2
"control","68","Lauraceae","Ocotea","Ocotea caudata",0.0284440031205564,2.1
"control","68","Sapotaceae","Pouteria","Pouteria reticulata",0.10221739391695,6.7
"control","68","Rubiaceae","Faramea","Faramea crassifolia",0.0285888927329381,2.4
"control","68","Fabaceae","Inga","Inga capitata",0.145822661238582,6.1
"control","68","Simaroubaceae","Homalolepis","Homalolepis cedron",0.0231252249831114,1.8
"control","68","Clusiaceae","Symphonia","Symphonia globulifera",0.0125636401428508,2.7
"control","68","Violaceae","Rinorea","Rinorea pubiflora var. pubiflora",0.0220116973687173,2
"control","68","Myrtaceae","Eugenia","Eugenia flavescens",0.080339268117366,6.5
"control","68","Annonaceae","Duguetia","Duguetia echinophora",0.0619668619898982,4.9
"control","68","Myristicaceae","Virola","Virola crebrinervia",0.0324908532815326,8.1
"control","68","Celastraceae","Salacia","Salacia impressifolia",0.0390355934907893,6.3
"control","68","Urticaceae","Cecropia","Cecropia palmata",0.612116893036104,1.7
"control","68","Burseraceae","Protium","Protium trifoliolatum",0.0815232259401818,1.9
"control","68","Chrysobalanaceae","Licania","Licania canescens",0.142295341289726,6.9
"control","68","Boraginaceae","Cordia","Cordia exaltata",0.125224221093307,3
"control","68","Quiinaceae","Lacunaria","Lacunaria crenata",0.0149135628129394,4.4
"control","68","Burseraceae","Protium","Protium tenuifolium",0.174253462213594,2.2
"control","68","Chrysobalanaceae","Licania","Licania heteromorpha",0.407440017915348,3.3
"control","68","Sapindaceae","Talisia","Talisia longifolia",0.0563260455047574,5.3
"control","68","Sapindaceae","Talisia","Talisia longifolia",0.00784566932425935,3.9
"control","68","Meliaceae","Guarea","Guarea silvatica",0.0434103882471501,4.5
"control","68","Burseraceae","Protium","Protium tenuifolium",0.162122669844259,2.1
"control","68","Melastomataceae","Mouriri","Mouriri apiranga",0.0779303943181395,2.6
"control","68","Melastomataceae","Mouriri","Mouriri apiranga",0.203206757932609,7.6
"control","69","Burseraceae","Protium","Protium pilosum",0.0421850753623183,6.3
"control","69","Humiriaceae","Vantanea","Vantanea parviflora",0.0336306987297843,5.3
"control","69","Lauraceae","Ocotea","Ocotea cernua",0.0645185201689602,5.9
"control","69","Meliaceae","Trichilia","Trichilia quadrijuga",0.0817614757258436,5.1
"control","69","Urticaceae","Cecropia","Cecropia sciadophylla",0.0302591987410732,1.3
"control","69","Fabaceae","Zygia","Zygia racemosa",0.993562356806413,3.3
"control","69","Fabaceae","Bocoa","Bocoa viridiflora",0.0215542247654232,2
"control","69","Humiriaceae","Vantanea","Vantanea parviflora",0.154611506179186,2.4
"control","69","Rubiaceae","Faramea","Faramea crassifolia",0.527580571019988,1.9
"control","69","Chrysobalanaceae","Licania","Licania octandra",0.0269332069370699,7.8
"control","69","Burseraceae","Protium","Protium apiculatum",0.00802734403590446,1.8
"control","69","Sapotaceae","Pouteria","Pouteria jariensis",0.0630481373076529,4.7
"control","69","Chrysobalanaceae","Licania","Licania egleri",0.0941823633993667,1.3
"control","69","Burseraceae","Protium","Protium pilosissimum",0.0130251643799634,1.7
"control","69","Chrysobalanaceae","Licania","Licania egleri",0.0204393976428323,1.8
"control","69","Sapotaceae","Pouteria","Pouteria gongrijpii",0.168854687052789,6.5
"control","69","Sapotaceae","Pouteria","Pouteria gongrijpii",0.18578420731985,2.4
"control","69","Lecythidaceae","Couratari","Couratari guianensis",0.0145149645158513,7.3
"control","69","Chrysobalanaceae","Hirtella","Hirtella bicornis",0.00271554764277824,3.1
"control","69",NA,NA,NA,0.00680946906792334,2
"control","69","Chrysobalanaceae","Licania","Licania egleri",0.0318579017384567,3.3
"control","69","Fabaceae","Swartzia","Swartzia arborescens",0.0295189742800076,1.4
"control","69","Burseraceae","Protium","Protium apiculatum",0.104114681662405,1.7
"control","69","Elaeocarpaceae","Sloanea","Sloanea sinemariensis",0.0482940669481807,3.8
"control","69","Annonaceae","Duguetia","Duguetia cadaverica",0.00970463239344933,3
"control","69","Sapotaceae","Pouteria","Pouteria guianensis",0.0189863618685177,1.3
"control","72","Clusiaceae","Moronobea","Moronobea coccinea",0.0388782486858905,1.6
"control","72","Sapotaceae","Micropholis","Micropholis acutangula",0.0744083914131536,8.4
"control","72","Lecythidaceae","Lecythis","Lecythis idatimon",0.0589364318938162,2.5
"control","72","Myristicaceae","Iryanthera","Iryanthera laevis",0.032847977046486,2.7
"control","72","Fabaceae","Inga","Inga grandiflora",0.37299212758264,3.7
"control","72","Sapindaceae","Matayba","Matayba guianensis",0.0208801883421251,2.1
"control","72","Siparunaceae","Siparuna","Siparuna cuspidata",0.041446929775183,3.4
"control","72","Chrysobalanaceae","Hirtella","Hirtella racemosa var. hispida",0.0508797457333983,3.3
"control","72","Violaceae","Rinorea","Rinorea guianensis",0.0134811824133845,2.1
"control","72","Sapotaceae","Pouteria","Pouteria cladantha",0.0518518146584096,8.8
"control","72","Burseraceae","Protium","Protium trifoliolatum",0.0587262844245895,4.2
"control","72","Fabaceae","Inga","Inga lateriflora",0.00985426027736594,3
"control","72","Sapotaceae","Pouteria","Pouteria decorticans",0.0274174995877415,4.4
"control","72","Humiriaceae","Vantanea","Vantanea parviflora",0.0112146961834834,1.4
"control","72",NA,NA,NA,0.0552686072911553,2.3
"control","72","Burseraceae","Protium","Protium apiculatum",0.0383759587817562,1.4
"control","72","Chrysobalanaceae","Licania","Licania heteromorpha",0.295853812017968,5.2
"control","72","Burseraceae","Protium","Protium pilosissimum",0.0361327009530347,2.3
"control","72","Sapotaceae","Pouteria","Pouteria decorticans",0.0475638952276996,4.6
"control","72","Lecythidaceae","Eschweilera","Eschweilera coriacea",0.00932403568932724,3
"control","72","Sapindaceae","Talisia","Talisia longifolia",0.086133776989987,3.3
"control","72","Chrysobalanaceae","Couepia","Couepia bracteosa",0.0358511169231216,4.1
"control","72","Connaraceae","Connarus","Connarus erianthus",0.059085858286459,3.7
"control","72","Sapotaceae","Pouteria","Pouteria cladantha",0.00186561637949588,7.5
"control","72","Sapindaceae","Matayba","Matayba guianensis",0.0285241758935858,4.5
"control","72","Myristicaceae","Iryanthera","Iryanthera laevis",0.0138252769935859,2
"control","72","Violaceae","Rinorea","Rinorea pubiflora var. pubiflora",0.0340067252916076,1.6
"control","72","Burseraceae","Protium","Protium stevensonii",0.0665534880136116,3
"control","72","Anacardiaceae","Thyrsodium","Thyrsodium spruceanum",0.0123740225997684,4
"control","73","Boraginaceae","Cordia","Cordia nodosa",0.0689226726930127,4.4
"control","73","Fabaceae","Peltogyne","Peltogyne paniculata",0.0432700103851112,4.2
"control","73","Fabaceae","Inga","Inga brachyrhachis",0.0376019771290713,1.1
"control","73","Lecythidaceae","Lecythis","Lecythis idatimon",0.0481647947370378,1.2
"control","73","Violaceae","Amphirrhox","Amphirrhox longifolia",0.077653220706156,1.8
"control","73","Myristicaceae","Iryanthera","Iryanthera laevis",0.068910540285392,3
"control","73","Moraceae","Brosimum","Brosimum lactescens",0.123800238612508,4.6
"control","73","Moraceae","Helicostylis","Helicostylis tomentosa",0.123984409150576,8
"control","73","Meliaceae","Guarea","Guarea grandifolia",0.443316819040819,6
"control","73","Bignoniaceae","Adenocalymma","Adenocalymma schomburgkii",0.0363721019890549,2.4
"control","73",NA,NA,NA,0.0142820934972049,3.6
"control","73","Metteniusaceae","Dendrobangia","Dendrobangia boliviana",0.114560450834007,3.6
"control","73","Metteniusaceae","Dendrobangia","Dendrobangia boliviana",0.0586272178553067,3.5
"control","73","Sapotaceae","Pouteria","Pouteria gongrijpii",0.0848795884586674,3.5
"control","73","Annonaceae","Duguetia","Duguetia stelechantha",0.0533338073762001,2.1
"control","73","Chrysobalanaceae","Hirtella","Hirtella racemosa var. hispida",0.56617038663876,5.1
"control","73","Quiinaceae","Lacunaria","Lacunaria crenata",0.0331706223391742,2.8
"control","73","Chrysobalanaceae","Hirtella","Hirtella racemosa",0.0110145257307607,1.6
"control","73","Lauraceae","Ocotea","Ocotea cernua",0.0289627838061028,2.8
"control","73","Chrysobalanaceae","Parinari","Parinari excelsa",0.10603101404574,8.3
"control","73",NA,NA,NA,NA,NA
"control","73","Sapotaceae","Pouteria","Pouteria jariensis",0.249387394896342,2.9
"control","73","Burseraceae","Protium","Protium stevensonii",0.181276988088545,7.3
"control","74","Fabaceae","Vouacapoua","Vouacapoua americana",0.135658501051815,2.6
"control","74","Myristicaceae","Iryanthera","Iryanthera laevis",0.0127700232037402,2.9
"control","74",NA,NA,NA,0.991618497109793,2.6
"control","74","Fabaceae","Swartzia","Swartzia laurifolia",0.0563806265794311,2.7
"control","74","Sapotaceae","Pouteria","Pouteria guianensis",0.00208182369249597,1.6
"control","74","Fabaceae","Inga","Inga laurina",0.0846868324052026,5.7
"control","74","Sapotaceae","Pouteria","Pouteria guianensis",0.0392213961566794,4.7
"control","74","Moraceae","Brosimum","Brosimum lactescens",0.0762298653510198,1.6
"control","74","Myrtaceae","Eugenia","Eugenia cupulata",0.0383504224122363,1.9
"control","74","Burseraceae","Protium","Protium apiculatum",0.112155577393503,3.4
"control","74",NA,NA,NA,0.0180571552332719,1.3
"control","74","Myristicaceae","Iryanthera","Iryanthera laevis",0.0542047465944377,3.6
"control","74","Myristicaceae","Virola","Virola crebrinervia",0.0715638771685825,1.1
"control","74","Lauraceae","Endlicheria","Endlicheria",0.0201903085304403,1.8
"control","74","Moraceae","Brosimum","Brosimum lactescens",0.183554913294793,2.9
"control","74","Sapotaceae","Pouteria","Pouteria campanulata",0.1125736879082,3
"control","74","Fabaceae","Tachigali","Tachigali glauca",0.454363702914656,8.4
"control","74","Sapindaceae","Matayba","Matayba guianensis",0.00689145085076322,3
"control","74","Annonaceae","Unonopsis","Unonopsis guatterioides",0.0210245310720833,1.5
"control","74",NA,NA,NA,0.0167359694502544,2
"control","74","Fabaceae","Swartzia","Swartzia laurifolia",0.0110282143344305,1.7
"control","74",NA,NA,NA,0.0691787317846851,7.8
"control","74","Burseraceae","Protium","Protium stevensonii",0.0394635043931504,5.3
"control","74",NA,NA,NA,0.0671980406179889,6.4
"control","74","Polygalaceae","Moutabea","Moutabea guianensis",0.0265631191211231,4.4
"control","75",NA,NA,NA,NA,1.2
"control","75","Fabaceae","Inga","Inga laurina",0.0256097640011624,6
"control","75","Linaceae","Roucheria","Roucheria columbiana",0.0377673642907836,4
"control","75","Fabaceae","Inga","Inga lateriflora",0.0768474078508399,5.4
"control","75",NA,NA,NA,0.17582527181761,7.9
"control","75","Myristicaceae","Iryanthera","Iryanthera laevis",0.104428237393242,1.3
"control","75","Annonaceae","Duguetia","Duguetia cadaverica",0.00948721804778836,1.8
"control","75","Connaraceae","Connarus","Connarus erianthus",1.6551155160132e-15,4.8
"control","75","Melastomataceae","Mouriri","Mouriri brachyanthera",0.0192468101226246,6.7
"control","75","Fabaceae","Inga","Inga",0.0231242075464141,1.2
"control","75","Annonaceae","Duguetia","Duguetia cadaverica",0.497919075144492,1.1
"control","75","Fabaceae","Inga","Inga brachyrhachis",0.167332468406124,3.2
"control","75","Moraceae","Maquira","Maquira guianensis",0.0513598761712364,3.7
"control","75","Chrysobalanaceae","Couepia","Couepia guianensis",0.00880995812554279,3.4
"control","75","Moraceae","Helicostylis","Helicostylis pedunculata",0.0170339593380152,1.4
"control","75","Violaceae","Rinorea","Rinorea guianensis",0.0506027962241576,1.1
"control","75","Fabaceae","Deguelia","Deguelia urucu",0.0332559933538651,1.7
"control","75","Sapotaceae","Manilkara","Manilkara elata",0.276387283236985,1.5
"control","75","Fabaceae","Zygia","Zygia racemosa",0.0760749670653241,3
"control","75","Loganiaceae","Strychnos","Strychnos amazonica",0.0475576799883088,1.5
"control","75","Burseraceae","Protium","Protium trifoliolatum",0.0127471457927763,1
"control","75","Annonaceae","Unonopsis","Unonopsis guatterioides",0.194008625633063,1.1
"control","75",NA,NA,NA,0.0288994539911104,2.9
"control","75","Sapotaceae","Pouteria","Pouteria decorticans",0.0423596370249556,1.6
"control","75","Myrtaceae","Eugenia","Eugenia cupulata",0.0248340347455204,2.1
"control","75","Myrtaceae","Eugenia","Eugenia cupulata",0.0686667704018588,4.8
"control","75","Lecythidaceae","Eschweilera","Eschweilera coriacea",0.0370417164281525,1.3
"control","75","Annonaceae","Fusaea","Fusaea longifolia",0.0578795250265329,2.2
"control","76",NA,NA,NA,0.428365361027068,4.8
"control","76","Fabaceae","Vatairea","Vatairea erythrocarpa",0.0734696097807188,6
"control","76","Clusiaceae","Symphonia","Symphonia globulifera",0.0972967727706767,4
"control","76","Moraceae","Helicostylis","Helicostylis scabra",0.11680454265364,1.2
"control","76","Sapindaceae","Talisia","Talisia longifolia",0.0619201481105626,4
"control","76",NA,NA,NA,0.688725675468626,6.2
"control","76",NA,NA,NA,0.0516754609266556,4.5
"control","76",NA,NA,NA,0.0882372589905696,2.4
"control","76",NA,NA,NA,0.0124167074207406,4.3
"control","76","Fabaceae","Swartzia","Swartzia arborescens",0.000812664675910914,4.6
"control","76","Lecythidaceae","Lecythis","Lecythis idatimon",0.0536207672563767,2.1
"control","76","Moraceae","Naucleopsis","Naucleopsis caloneura",0.0219126041250754,2.1
"control","76","Lecythidaceae","Lecythis","Lecythis idatimon",0.0953618456302268,3.4
"control","76","Sapindaceae","Porocystis","Porocystis toulicioides",0.048203679035444,9.3
"control","76","Siparunaceae","Siparuna","Siparuna poeppigii",0.0189997302633052,1
"control","76","Myristicaceae","Iryanthera","Iryanthera laevis",0.0566119098244641,3.2
"control","76","Sapotaceae","Pouteria","Pouteria anomala",0.0467452809855577,3.4
"control","76","Chrysobalanaceae","Hirtella","Hirtella racemosa",0.0658400079839435,2.2
"control","76","Annonaceae","Unonopsis","Unonopsis guatterioides",0.012741224165153,1.8
"control","76","Quiinaceae","Quiina","Quiina florida",0.0413555400779484,7.6
"control","76","Sapotaceae","Pouteria","Pouteria decorticans",0.0117601109664623,1.3
"control","76","Chrysobalanaceae","Licania","Licania canescens",4.10907820147856e-05,1.5
"control","76","Burseraceae","Protium","Protium stevensonii",0.122613299493232,2.8
"control","76","Burseraceae","Protium","Protium pilosissimum",0.0151937594385747,3
"control","76","Lecythidaceae","Lecythis","Lecythis idatimon",0.00819519054949537,2
"control","76","Poaceae","Saccharum","Saccharum",0.0261502681357921,2.2
"control","76","Annonaceae","Unonopsis","Unonopsis guatterioides",0.00936860974165663,4
"control","76","Annonaceae","Fusaea","Fusaea longifolia",0.000716212344982046,3
"control","76","Fabaceae","Vouacapoua","Vouacapoua americana",0.0349588848533658,6.3
"control","85","Chrysobalanaceae","Couepia","Couepia guianensis",0.190046165665048,3
"control","85","Apocynaceae","Lacmellea","Lacmellea arborescens",0.0305079573761583,3.9
"control","85","Annonaceae","Unonopsis","Unonopsis guatterioides",0.025737315944245,2.9
"control","85","Clusiaceae","Moronobea","Moronobea coccinea",0.0562864975536421,8.3
"control","85","Lecythidaceae","Lecythis","Lecythis idatimon",0.0926666799840225,2.6
"control","85","Sapotaceae","Pouteria","Pouteria campanulata",0.020725460399798,2.7
"control","85","Lecythidaceae","Eschweilera","Eschweilera coriacea",0.0153696055509758,3.4
"control","85","Myrtaceae","Eugenia","Eugenia omissa",0.00361126573891064,2
"control","85","Lecythidaceae","Lecythis","Lecythis idatimon",0.365025032315481,7.9
"control","85","Chrysobalanaceae","Hirtella","Hirtella racemosa",0.00713654193183771,1
"control","85","Rubiaceae","Alibertia","Alibertia edulis",0.0251385670974055,1
"control","85","Bignoniaceae","Adenocalymma","Adenocalymma schomburgkii",0.0300210375131311,1.4
"control","85","Lecythidaceae","Eschweilera","Eschweilera micrantha",0.0785083078868048,4.2
"control","85","Annonaceae","Bocageopsis","Bocageopsis multiflora",0.0920456542138877,4.5
"control","85","Burseraceae","Protium","Protium pilosissimum",0.0129040404040403,2.4
"control","85","Myristicaceae","Iryanthera","Iryanthera laevis",0.00715389142026359,1.2
"control","85","Chrysobalanaceae","Licania","Licania canescens",0.0763368135573702,1.3
"control","85","Moraceae","Brosimum","Brosimum lactescens",0.201376033709193,5.6
"control","85","Burseraceae","Protium","Protium pilosissimum",0.710845471777293,4.4
"control","85","Lauraceae","Licaria","Licaria guianensis",0.0101176732530101,7.6
"control","85","Lecythidaceae","Lecythis","Lecythis idatimon",0.0377565543428585,1.8
"control","85","Sapotaceae","Pouteria","Pouteria guianensis",0.0937213835522012,9.6
"control","85","Lecythidaceae","Eschweilera","Eschweilera coriacea",0.0905847765478453,4.7
"control","85","Lecythidaceae","Eschweilera","Eschweilera coriacea",0.0327128084467406,3
"control","85","Fabaceae","Vouacapoua","Vouacapoua americana",0.0243193667969368,1.7
"control","85","Fabaceae","Vouacapoua","Vouacapoua americana",0.00754307788430658,7.7
"control","85","Dichapetalaceae","Tapura","Tapura singularis",0.0795702506882498,5
"control","85","Sapotaceae","Pouteria","Pouteria cladantha",0.0222307624932904,1.5
"control","85","Quiinaceae","Lacunaria","Lacunaria crenata",0.0665352359437529,1.2
"control","85","Lecythidaceae","Lecythis","Lecythis idatimon",0.0567955490162127,1.3
"control","85","Fabaceae","Inga","Inga lateriflora",0.0349733328038741,3.3
"control","85","Chrysobalanaceae","Licania","Licania heteromorpha",0.0525626966416084,5.3
"control","85","Chrysobalanaceae","Hirtella","Hirtella racemosa",0.0101324265195249,2.5
"control","85",NA,NA,NA,0.0486475598466197,1.2
"control","85","Burseraceae","Protium","Protium trifoliolatum",0.132941195975646,1.6
"control","85","Sapotaceae","Pouteria","Pouteria gongrijpii",0.0915133632790522,1.9
"control","85","Burseraceae","Protium","Protium pilosissimum",0.146294400410653,2.6
"control","85","Moraceae","Brosimum","Brosimum lactescens",0.0496607487195322,1.5
"control","85","Rubiaceae","Amaioua","Amaioua guianensis",0.0199713797897417,2.4
"control","85","Fabaceae","Swartzia","Swartzia laurifolia",0.0296714840448206,4
"control","85","Sapindaceae","Matayba","Matayba guianensis",0.0782122003908348,6.4
"control","85",NA,NA,NA,0.0185647680835066,1.5
"control","85","Burseraceae","Protium","Protium pilosissimum",0.049419547009875,2.4
"control","85","Apocynaceae","Lacmellea","Lacmellea arborescens",0.0731702846875939,1.5
"control","85","Fabaceae","Tachigali","Tachigali paraensis",0.0103647364938762,1.1
"control","85","Boraginaceae","Cordia","Cordia nodosa",0.0977090384758626,1.1
"control","85","Burseraceae","Protium","Protium pilosissimum",0.0555277291236581,4.6
"control","85","Rubiaceae","Faramea","Faramea crassifolia",0.0625551069619551,2.4
"control","85","Chrysobalanaceae","Parinari","Parinari excelsa",0.143621256990702,5.5
"control","85","Lecythidaceae","Lecythis","Lecythis idatimon",0.0389461797129711,2.1
"control","85","Sapotaceae","Manilkara","Manilkara elata",0.179683141287089,7.8
"control","86","Sapindaceae","Talisia","Talisia longifolia",0.0452831635114373,1.6
"control","86","Moraceae","Helicostylis","Helicostylis pedunculata",0.166991255511505,4.9
"control","86","Boraginaceae","Cordia","Cordia sellowiana",0.0189209382582141,1.3
"control","86","Boraginaceae","Cordia","Cordia sellowiana",0.0134415149262323,1.3
"control","86","Sapindaceae","Porocystis","Porocystis toulicioides",0.108960326303252,4.4
"control","86","Annonaceae","Fusaea","Fusaea longifolia",0.184619200995858,3
"control","86","Burseraceae","Protium","Protium stevensonii",0.00388668024767361,2.1
"control","86","Annonaceae","Bocageopsis","Bocageopsis multiflora",0.0830096082295436,3.7
"control","86","Chrysobalanaceae","Licania","Licania canescens",0.0438120426691313,2
"control","86","Burseraceae","Protium","Protium stevensonii",0.0236978748751507,4.9
"control","86",NA,NA,NA,0.00697966778807231,4.2
"control","86","Rubiaceae","Faramea","Faramea crassifolia",0.0249528689531344,2.8
"control","86","Myrtaceae","Eugenia","Eugenia cupulata",0.0421588471547939,5.5
"control","86","Fabaceae","Zygia","Zygia racemosa",0.0306802437968075,2
"control","86","Lecythidaceae","Couratari","Couratari guianensis",0.0192028559743341,3.2
"control","86","Annonaceae","Guatteria","Guatteria blepharophylla",0.00352037599909481,5
"control","86","Burseraceae","Protium","Protium stevensonii",0.198515707915451,4.3
"control","86","Annonaceae","Unonopsis","Unonopsis guatterioides",0.00147120555345346,4.2
"control","86","Apocynaceae","Aspidosperma","Aspidosperma spruceanum",0.131444186759901,6
"control","86","Meliaceae","Guarea","Guarea kunthiana",0.0499721471817981,1
"control","86","Sapotaceae","Manilkara","Manilkara elata",0.0056477431292296,1.3
"control","86","Annonaceae","Duguetia","Duguetia cadaverica",0.017659353955663,1.4
"control","87","Fabaceae","Hymenolobium","Hymenolobium flavum",0.0392697401020978,2.4
"control","87","Annonaceae","Duguetia","Duguetia cadaverica",0.0137022112822212,1.9
"control","87","Quiinaceae","Lacunaria","Lacunaria crenata",0.000376952958409791,3.8
"control","87","Sapotaceae","Pouteria","Pouteria krukovii",0.106208778908738,5.4
"control","87","Quiinaceae","Lacunaria","Lacunaria crenata",0.0357108119756241,3.1
"control","87","Fabaceae","Swartzia","Swartzia racemosa",0.101141860646829,3.1
"control","87","Burseraceae","Protium","Protium apiculatum",0.243457068147471,5.8
"control","87","Violaceae","Rinorea","Rinorea pubiflora var. pubiflora",0.0666492277276978,1.2
"control","87","Fabaceae","Inga","Inga laurina",0.0169721132366317,4.4
"control","87","Siparunaceae","Siparuna","Siparuna cuspidata",0.0790712102734719,3.8
"control","87","Sapindaceae","Talisia","Talisia longifolia",0.0992796391568109,1.5
"control","87","Fabaceae","Bocoa","Bocoa viridiflora",0.0405110536613684,1.8
"control","87","Lecythidaceae","Lecythis","Lecythis idatimon",0.153524105937031,4.1
"control","87","Lecythidaceae","Couratari","Couratari guianensis",0.0181319865065532,1.9
"control","87","Chrysobalanaceae","Hirtella","Hirtella racemosa",0.0318219768234338,1.7
"control","87","Chrysobalanaceae","Hirtella","Hirtella racemosa",0.000866212577185823,2.3
"control","87","Chrysobalanaceae","Hirtella","Hirtella racemosa",0.052843336055843,1.4
"control","87","Fabaceae","Inga","Inga brachyrhachis",0.0392005470036476,1.3
"control","87","Loganiaceae","Strychnos","Strychnos amazonica",0.0437298315858617,1.4
"control","88","Burseraceae","Protium","Protium pilosissimum",0.106074200693791,1.7
"control","88","Fabaceae","Abarema","Abarema mataybifolia",0.0298489554401837,7.3
"control","88","Violaceae","Rinorea","Rinorea pubiflora var. pubiflora",0.0389652491419808,1.9
"control","88","Sapotaceae","Manilkara","Manilkara elata",0.0280195444865864,8.1
"control","88","Burseraceae","Protium","Protium stevensonii",0.0708072534142429,3.4
"control","88","Melastomataceae","Mouriri","Mouriri brachyanthera",0.113842100129747,4.2
"control","88","Violaceae","Rinorea","Rinorea pubiflora var. pubiflora",0.121788148178821,3.5
"control","88","Violaceae","Rinorea","Rinorea pubiflora var. pubiflora",0.0436291119391415,1.9
"control","88","Violaceae","Rinorea","Rinorea pubiflora var. pubiflora",0.0633772473138907,3.6
"control","88","Violaceae","Rinorea","Rinorea pubiflora var. pubiflora",0.0358875731844637,1.1
"control","88","Violaceae","Rinorea","Rinorea pubiflora var. pubiflora",0.03540002819828,1.5
"control","88","Fabaceae","Parkia","Parkia pendula",0.0386876502094611,4.5
"control","88","Lauraceae","Ocotea","Ocotea cernua",0.0910412915937212,3.3
"control","88","Burseraceae","Protium","Protium stevensonii",0.02147002222713,4.3
"control","88","Fabaceae","Vatairea","Vatairea erythrocarpa",0.0691285693916861,3.3
"control","88","Elaeocarpaceae","Sloanea","Sloanea sinemariensis",0.0435229902715099,1.5
"control","88","Myristicaceae","Iryanthera","Iryanthera laevis",0.0492546230162565,2.1
"control","88","Lauraceae","Pleurothyrium","Pleurothyrium parviflorum",0.00438079156587662,1
"control","88","Fabaceae","Zygia","Zygia racemosa",0.184575156731115,5.2
"control","88","Chrysobalanaceae","Licania","Licania canescens",0.0327785773133558,8.4
"control","88","Violaceae","Rinorea","Rinorea pubiflora var. pubiflora",0.0759141570797207,1.9
"control","88","Violaceae","Rinorea","Rinorea pubiflora var. pubiflora",0.0333365499869509,1.6
"control","88","Sapindaceae","Cupania","Cupania scrobiculata",0.231624487446923,6
"control","88","Lauraceae","Ocotea","Ocotea cernua",0.0648535635424285,1.8
"control","88","Sapindaceae","Cupania","Cupania scrobiculata",0.0247399140492819,1.2
"control","88","Melastomataceae","Miconia","Miconia grandifoliata",0.0965184684900715,3.4
"control","88","Hypericaceae","Vismia","Vismia latifolia",0.00624176752671347,3.8
"control","88","Sapotaceae","Pouteria","Pouteria guianensis",0.0344950915973928,1
"control","88","Malvaceae","Theobroma","Theobroma speciosum",0.0107609561752989,2.6
"control","88","Annonaceae","Duguetia","Duguetia cadaverica",0.0334017284687675,1.7
"control","88","Chrysobalanaceae","Licania","Licania canescens",0.399996771080396,1.8
"control","88","Burseraceae","Protium","Protium stevensonii",0.0268455938328889,1.5
"control","88","Lecythidaceae","Eschweilera","Eschweilera coriacea",0.0210982658959531,1.1
"control","88","Burseraceae","Protium","Protium pilosissimum",0.0481587803498701,3.4
"control","88","Rubiaceae","Psychotria","Psychotria sp.",0.0271300511917719,1.8
"control","88","Sapotaceae","Pouteria","Pouteria anomala",0.0542694990957003,1.4
"control","89","Burseraceae","Protium","Protium pilosissimum",0.0322185382929646,2
"control","89","Myristicaceae","Iryanthera","Iryanthera laevis",0.00111952652200349,2.3
"control","89","Sapindaceae","Matayba","Matayba guianensis",0.0014909282523146,1.9
"control","89","Burseraceae","Protium","Protium stevensonii",0.0957051543908818,1.8
"control","89",NA,NA,NA,0.00816737160390716,1.5
"control","89","Violaceae","Rinorea","Rinorea pubiflora var. pubiflora",0.0405915378863647,1.2
"control","89","Violaceae","Rinorea","Rinorea pubiflora var. pubiflora",0.0457190446085859,5.2
"control","89","Sapotaceae","Pouteria","Pouteria krukovii",0.0124078516487548,4.2
"control","89","Chrysobalanaceae","Couepia","Couepia guianensis",0.0211596863908297,1.3
"control","89","Sapotaceae","Pouteria","Pouteria krukovii",0.0296493312436408,2.7
"control","89","Burseraceae","Protium","Protium stevensonii",0.159905752345546,4.5
"control","89","Sapotaceae","Pouteria","Pouteria krukovii",0.0142669143425252,2
"control","89",NA,NA,NA,0.0226154252121754,1.5
"control","89","Myristicaceae","Iryanthera","Iryanthera laevis",0.0639709382678291,6.7
"control","89","Annonaceae","Duguetia","Duguetia cadaverica",0.0528002379655113,1.4
"control","89","Sapindaceae","Cupania","Cupania scrobiculata",0.0628982386071708,5.1
"control","89","Fabaceae","Bocoa","Bocoa viridiflora",0.0786898216932769,3.3
"control","89","Violaceae","Rinorea","Rinorea pubiflora var. pubiflora",0.082200692497107,2.4
"control","89","Chrysobalanaceae","Licania","Licania apetala",0.0333673680734619,3
"control","89","Fabaceae","Inga","Inga pilosula",0.00577549833531712,4.1
"control","89","Moraceae","Brosimum","Brosimum lactescens",0.0743017276357589,2.3
"control","89","Sapotaceae","Pouteria","Pouteria krukovii",0.163179760767992,7.2
"control","89","Burseraceae","Protium","Protium pilosissimum",0.0269170599128158,7.3
"control","89","Myristicaceae","Iryanthera","Iryanthera laevis",0.166933555475444,7.5
"control","89","Myrtaceae","Eugenia","Eugenia patrisii",0.0369953121829462,2.3
"control","89","Chrysobalanaceae","Licania","Licania canescens",0.0145986340613395,1.3
"control","89","Violaceae","Rinorea","Rinorea pubiflora var. pubiflora",0.0637267846341761,4.2
"control","89","Fabaceae","Vatairea","Vatairea erythrocarpa",0.176679470064135,6.2
"control","89",NA,NA,NA,0.0222844143674592,1.4
"control","89","Burseraceae","Protium","Protium stevensonii",0.0662650555200291,2.3
"control","89","Myrtaceae","Eugenia","Eugenia omissa",0.0367694899973044,2.6
"control","89","Burseraceae","Protium","Protium stevensonii",0.147077428642899,2.3
"control","89","Boraginaceae","Cordia","Cordia sellowiana",0.0298161739878561,2.5
"control","89","Moraceae","Maquira","Maquira guianensis",0.183940465111615,2.9
"control","89","Sapotaceae","Pouteria","Pouteria decorticans",0.0358168450855359,2.4
"control","89",NA,NA,NA,0.0997640203652023,1.1
"control","89","Burseraceae","Protium","Protium stevensonii",0.103351914658634,2.5
"control","89","Lecythidaceae","Couratari","Couratari guianensis",0.0563856400957206,2.9
"control","89","Sapindaceae","Matayba","Matayba arborescens",0.0793627422872494,1.7
"control","89","Fabaceae","Vatairea","Vatairea erythrocarpa",0.117987132765491,2.7
"tfe","52","Rubiaceae","Posoqueria","Posoqueria latifolia",0.155634241208538,2.1
"tfe","52","Myrtaceae","Myrcia","Myrcia splendens",0.0803373866682469,4.8
"tfe","52","Lecythidaceae","Couratari","Couratari tenuicarpa",0.151978189503837,4.1
"tfe","52","Humiriaceae","Vantanea","Vantanea parviflora",0.416217534296342,7.2
"tfe","52","Loganiaceae","Strychnos","Strychnos amazonica",0.0235916317131254,2.6
"tfe","52","Lecythidaceae","Couratari","Couratari guianensis",0.441985661225083,2.8
"tfe","52","Fabaceae","Bocoa","Bocoa viridiflora",0.0519489336379129,3.2
"tfe","52","Celastraceae","Monteverdia","Monteverdia myrsinoides",0.192242851702742,2.9
"tfe","52","Chrysobalanaceae","Hirtella","Hirtella glandulosa",0.21653475573341,3.3
"tfe","52","Rubiaceae","Faramea","Faramea crassifolia",0.268661198020069,4.1
"tfe","52","Humiriaceae","Vantanea","Vantanea parviflora",0.0920553102481504,3.8
"tfe","52","Burseraceae","Protium","Protium altissimum",0.247444818070903,9.3
"tfe","52","Burseraceae","Protium","Protium pilosum",0.0958346130972617,2.6
"tfe","52","Burseraceae","Protium","Protium altissimum",0.166982536886614,3.8
"tfe","52","Burseraceae","Protium","Protium trifoliolatum",0.233603786756671,5
"tfe","53","Fabaceae","Zygia","Zygia racemosa",0.0200360986490023,2.1
"tfe","53","Chrysobalanaceae","Licania","Licania canescens",0.258412495610315,9.8
"tfe","53","Sapotaceae","Manilkara","Manilkara elata",0.00683010124278756,2.7
"tfe","53","Sapotaceae","Ecclinusa","Ecclinusa guianensis",0.185670371595695,8.7
"tfe","53","Burseraceae","Protium","Protium decandrum",0.15074747978261,7.7
"tfe","53","Fabaceae","Zygia","Zygia racemosa",0.152456150947853,4.9
"tfe","53","Lecythidaceae","Couratari","Couratari guianensis",0.0254853749224007,1.8
"tfe","53","Chrysobalanaceae","Licania","Licania canescens",0.312439505625253,1.7
"tfe","53","Apocynaceae","Aspidosperma","Aspidosperma spruceanum",0.36176946882853,5.3
"tfe","53","Annonaceae","Bocageopsis","Bocageopsis multiflora",0.6375566492662,5.8
"tfe","53","Fabaceae","Inga","Inga edulis",0.015857594624786,4
"tfe","53","Chrysobalanaceae","Licania","Licania canescens",0.164326183547891,5.3
"tfe","53","Sapotaceae","Pouteria","Pouteria jariensis",0.159443421560432,8.8
"tfe","53","Burseraceae","Protium","Protium altissimum",0.0129072300514887,3.3
"tfe","53","Myrtaceae","Myrciaria","Myrciaria floribunda",0.0948642227781905,2.8
"tfe","53","Fabaceae","Tachigali","Tachigali paraensis",0.182740723836647,4.5
"tfe","53","Celastraceae","Monteverdia","Monteverdia myrsinoides",0.31496958117261,2.7
"tfe","53","Chrysobalanaceae","Licania","Licania octandra",0.0397184154924302,7.2
"tfe","54","Sapotaceae","Pouteria","Pouteria anomala",0.00533944733190605,6.3
"tfe","54","Fabaceae","Tachigali","Tachigali glauca",0.0384512684814477,8.3
"tfe","54","Moraceae","Trymatococcus","Trymatococcus amazonicus",0.00721908963950903,2
"tfe","54","Burseraceae","Protium","Protium decandrum",0.168360623003199,5.1
"tfe","54","Sapotaceae","Pouteria","Pouteria elegans",0.0805974604476258,5.3
"tfe","54","Sapotaceae","Chrysophyllum","Chrysophyllum prieurii",0.128892296646201,2.8
"tfe","54","Burseraceae","Protium","Protium decandrum",0.113816158284578,2.6
"tfe","54","Violaceae","Paypayrola","Paypayrola grandiflora",0.136861710594276,1.8
"tfe","54","Myrtaceae","Eugenia","Eugenia omissa",0.135261991467526,2.6
"tfe","54","Sapotaceae","Chrysophyllum","Chrysophyllum prieurii",0.181977233839681,8.2
"tfe","54","Myrtaceae","Eugenia","Eugenia coffeifolia",0.217541758977826,3.8
"tfe","54","Lecythidaceae","Gustavia","Gustavia augusta",0.0289829403005164,6
"tfe","54","Lecythidaceae","Eschweilera","Eschweilera pedicellata",0.0314267671156318,2
"tfe","54","Fabaceae","Swartzia","Swartzia arborescens",0.174828910432326,7
"tfe","54",NA,NA,NA,0.0140002956543513,2.8
"tfe","54","Lecythidaceae","Eschweilera","Eschweilera coriacea",0.0990868767721747,5.2
"tfe","54","Myrtaceae","Eugenia","Eugenia coffeifolia",0.142890424490284,5.3
"tfe","54","Sapotaceae","Pouteria","Pouteria cladantha",0.0153663624315894,1.9
"tfe","55","Chrysobalanaceae","Hirtella","Hirtella racemosa",0.39297864879179,5.8
"tfe","55","Chrysobalanaceae","Couepia","Couepia guianensis",0.0571816340079367,6.4
"tfe","55","Burseraceae","Protium","Protium trifoliolatum",0.193435590429287,3.3
"tfe","55","Lecythidaceae","Eschweilera","Eschweilera coriacea",0.0756322871488667,8.1
"tfe","55","Annonaceae","Guatteria","Guatteria schomburgkiana",0.594625497257139,6.1
"tfe","55","Sapotaceae","Micropholis","Micropholis egensis",0.0989733477217279,5.1
"tfe","55","Proteaceae","Roupala","Roupala montana",0.209312367814279,5.2
"tfe","55","Burseraceae","Protium","Protium trifoliolatum",0.295904232917995,8.8
"tfe","55","Apocynaceae","Aspidosperma","Aspidosperma excelsum",0.0929355867553772,3.5
"tfe","55","Chrysobalanaceae","Parinari","Parinari excelsa",0.287203354356511,7.5
"tfe","55","Annonaceae","Bocageopsis","Bocageopsis multiflora",0.0835170203715476,8.1
"tfe","55","Annonaceae","Guatteria","Guatteria schomburgkiana",0.200538522038642,4
"tfe","56","Celastraceae","Monteverdia","Monteverdia myrsinoides",0.186164525424424,2.7
"tfe","56","Myrtaceae","Eugenia","Eugenia omissa",0.156918896051153,3.4
"tfe","56","Ochnaceae","Ouratea","Ouratea salicifolia",0.0801282959524945,2
"tfe","56","Lecythidaceae","Eschweilera","Eschweilera amazonica",0.379085582488165,5.3
"tfe","56","Lecythidaceae","Eschweilera","Eschweilera amazonica",0.228616964612418,4.5
"tfe","56","Burseraceae","Protium","Protium krukovii",0.325107308950602,6.5
"tfe","56","Burseraceae","Protium","Protium trifoliolatum",0.227088786921664,3.3
"tfe","65","Lauraceae","Aniba","Aniba parviflora",0.234885582380164,5.9
"tfe","65","Melastomataceae","Mouriri","Mouriri brachyanthera",0.164321281590988,3.1
"tfe","65","Moraceae","Brosimum","Brosimum guianense",0.362050791604264,2.3
"tfe","65","Rubiaceae","Alibertia","Alibertia edulis",0.346030512582885,8.3
"tfe","65","Lauraceae","Ocotea","Ocotea canaliculata",0.260736953508007,8.4
"tfe","65","Fabaceae","Inga","Inga splendens",0.487270201184754,4.4
"tfe","65","Burseraceae","Protium","Protium altissimum",0.257648052261812,8.6
"tfe","65","Fabaceae","Stryphnodendron","Stryphnodendron guianense",NA,2
"tfe","65","Sapotaceae","Pouteria","Pouteria decorticans",0.000163233395191701,7.7
"tfe","65","Sapotaceae","Pouteria","Pouteria anomala",0.0538474243833777,5
"tfe","65","Annonaceae","Duguetia","Duguetia cadaverica",0.0125101703722527,2.2
"tfe","65","Lecythidaceae","Eschweilera","Eschweilera pedicellata",0.212243561425101,2.1
"tfe","66","Burseraceae","Protium","Protium altissimum",0.0181307340908135,5.1
"tfe","66","Quiinaceae","Quiina","Quiina florida",0.131868008642855,6.3
"tfe","66","Burseraceae","Protium","Protium altissimum",0.0729353850114106,4.4
"tfe","66","Burseraceae","Protium","Protium altissimum",0.290485634472685,6
"tfe","67","Myrtaceae","Eugenia","Eugenia stictopetala",0.135958941101,5.9
"tfe","67","Ebenaceae","Diospyros","Diospyros capreifolia",0.0644267976458658,6
"tfe","67","Chrysobalanaceae","Licania","Licania canescens",0.106838197879579,4.2
"tfe","67","Lauraceae","Ocotea","Ocotea caudata",0.0544144321184418,3.3
"tfe","67","Lecythidaceae","Eschweilera","Eschweilera coriacea",0.0982875038651707,3
"tfe","67","Lauraceae","Ocotea","Ocotea canaliculata",0.261160708454669,6
"tfe","67","Burseraceae","Protium","Protium trifoliolatum",0.181983164371433,4.7
"tfe","67","Fabaceae","Bocoa","Bocoa viridiflora",0.0754509619343973,3.2
"tfe","67","Moraceae","Brosimum","Brosimum guianense",0.0608974098439074,1.8
"tfe","67",NA,NA,NA,0.187066083031896,NA
"tfe","67","Chrysobalanaceae","Couepia","Couepia guianensis",0.27039547025987,4.8
"tfe","67",NA,NA,NA,0.0912302086075345,2.8
"tfe","67","Chrysobalanaceae","Licania","Licania canescens",0.142414200239384,2.7
"tfe","67","Annonaceae","Duguetia","Duguetia cadaverica",0.152274094274111,3.1
"tfe","67",NA,NA,NA,NA,3.4
"tfe","67","Meliaceae","Guarea","Guarea guidonia",0.0569563628075875,2.3
"tfe","67","Fabaceae","Inga","Inga laurina",0.330303958295566,4.4
"tfe","67","Fabaceae","Bocoa","Bocoa viridiflora",0.0790534165507513,7.3
"tfe","68","Quiinaceae","Lacunaria","Lacunaria crenata",0.0387708394670984,8.8
"tfe","68","Sapotaceae","Pouteria","Pouteria anomala",0.0598257563460369,7.8
"tfe","68","Sapotaceae","Pouteria","Pouteria krukovii",0.234199467683181,6.1
"tfe","68","Celastraceae","Cheiloclinium","Cheiloclinium cognatum",NA,7.3
"tfe","68","Sapotaceae","Micropholis","Micropholis guyanensis",0.147114159362662,5
"tfe","68","Sapotaceae","Pouteria","Pouteria elegans",0.0888471889116108,2.3
"tfe","68","Celastraceae","Cheiloclinium","Cheiloclinium cognatum",0.0641705857891425,4.3
"tfe","68","Ochnaceae","Ouratea","Ouratea salicifolia",0.199603337603735,4.8
"tfe","68","Sapotaceae","Pouteria","Pouteria krukovii",0.0139609915161551,3.8
"tfe","68","Annonaceae","Guatteria","Guatteria punctata",0.204797099565199,6.3
"tfe","68","Vochysiaceae","Qualea","Qualea paraensis",0.325035781753081,7.5
"tfe","68","Chrysobalanaceae","Hirtella","Hirtella racemosa",0.154307516464727,3.2
"tfe","68","Sapotaceae","Pouteria","Pouteria caimito",0.059644026763135,7.4
"tfe","68","Chrysobalanaceae","Hirtella","Hirtella eriandra",0.128894526417211,2.8
"tfe","68","Fabaceae","Inga","Inga laurina",0.291675744665603,4
"tfe","68","Chrysobalanaceae","Hirtella","Hirtella glandulosa",0.124502396628086,6.2
"tfe","68","Burseraceae","Protium","Protium trifoliolatum",0.144561452025201,3.9
"tfe","69","Sapindaceae","Talisia","Talisia longifolia",0.137770625426284,4.6
"tfe","69","Boraginaceae","Cordia","Cordia exaltata",0.563023898775216,3.6
"tfe","69","Ulmaceae","Ampelocera","Ampelocera edentula",0.379212230079852,4.1
"tfe","69","Quiinaceae","Lacunaria","Lacunaria jenmanii",0.368519675296546,NA
"tfe","69","Sapindaceae","Cupania","Cupania scrobiculata",0.231862160362539,3
"tfe","69","Simaroubaceae","Homalolepis","Homalolepis cedron",0.257599068085978,4.5
"tfe","69","Simaroubaceae","Homalolepis","Homalolepis cedron",0.279603009694943,6.6
"tfe","69","Chrysobalanaceae","Hirtella","Hirtella eriandra",0.254452150805792,4.1
"tfe","69","Sapindaceae","Porocystis","Porocystis toulicioides",0.34339589615793,4.8
"tfe","69","Sapotaceae","Pouteria","Pouteria venosa",0.505112957799247,8.1
"tfe","69","Burseraceae","Protium","Protium altissimum",0.0213710927715484,6.8
"tfe","72","Vochysiaceae","Qualea","Qualea paraensis",0.736654197058704,5.6
"tfe","72","Lecythidaceae","Eschweilera","Eschweilera coriacea",0.202501159233975,8.5
"tfe","72","Dichapetalaceae","Tapura","Tapura singularis",0.527941519995198,4.8
"tfe","72","Lecythidaceae","Eschweilera","Eschweilera coriacea",0.258649791635115,2.4
"tfe","73","Fabaceae","Tachigali","Tachigali glauca",0.460176908419021,3.1
"tfe","73","Sapotaceae","Pouteria","Pouteria decorticans",0.0536738076446045,5.3
"tfe","73",NA,NA,NA,0.37611507863575,8.1
"tfe","73",NA,NA,NA,0.209660159351134,3.6
"tfe","73","Sapotaceae","Pouteria","Pouteria anomala",0.254623786706476,4.8
"tfe","73","Burseraceae","Protium","Protium hebetatum",0.276136274667041,7.8
"tfe","73","Melastomataceae","Mouriri","Mouriri brachyanthera",0.193818432673481,4
"tfe","73","Melastomataceae","Mouriri","Mouriri brachyanthera",0.0766335782084223,2
"tfe","73","Sapotaceae","Manilkara","Manilkara paraensis",0.103693181818182,4.3
"tfe","73","Olacaceae","Dulacia","Dulacia candida",0.657823751736711,5.2
"tfe","73",NA,NA,NA,0.784831461262501,2
"tfe","73","Chrysobalanaceae","Parinari","Parinari excelsa",0.275932227762128,5.3
"tfe","73","Sapotaceae","Pouteria","Pouteria anomala",0.305105035515289,6.3
"tfe","73","Sapindaceae","Pseudima","Pseudima frutescens",0.750969551124971,2.1
"tfe","73","Connaraceae","Connarus","Connarus erianthus",0.269312568401584,3.8
"tfe","73","Sapotaceae","Pouteria","Pouteria anomala",0.241585973478153,5.4
"tfe","73","Celastraceae","Monteverdia","Monteverdia myrsinoides",0.234102369252222,7
"tfe","73","Sapindaceae","Cupania","Cupania scrobiculata",0.117373688934807,6.8
"tfe","73","Sapotaceae","Pouteria","Pouteria jariensis",0.153185708533067,3.9
"tfe","73","Sapotaceae","Pouteria","Pouteria anomala",0.00235823006164169,7.5
"tfe","73","Celastraceae","Monteverdia","Monteverdia myrsinoides",0.152714102420039,4
"tfe","73","Connaraceae","Connarus","Connarus erianthus",0.0171490744543279,4.5
"tfe","73","Chrysobalanaceae","Licania","Licania canescens",0.167670250176041,6.6
"tfe","73","Chrysobalanaceae","Licania","Licania canescens",0.000714339452572396,1.9
"tfe","73",NA,NA,NA,0.0598588297235635,2.7
"tfe","73","Chrysobalanaceae","Licania","Licania egleri",0.0178063463096425,2.9
"tfe","74","Sapindaceae","Pseudima","Pseudima frutescens",0.017149074454328,3.1
"tfe","74","Sapotaceae","Pouteria","Pouteria guianensis",0.0530448247971613,6.2
"tfe","74","Melastomataceae","Mouriri","Mouriri brachyanthera",0.176068163840474,5.7
"tfe","74","Rubiaceae","Amaioua","Amaioua guianensis",0.0148378905417423,6.2
"tfe","74","Sapotaceae","Pouteria","Pouteria guianensis",0.0919683522992024,5
"tfe","74","Sapotaceae","Pouteria","Pouteria cladantha",0.0938111382823429,4.4
"tfe","74","Quiinaceae","Lacunaria","Lacunaria crenata",0.0277408524803896,3.8
"tfe","74","Annonaceae","Bocageopsis","Bocageopsis multiflora",0.0689860005917999,6.3
"tfe","74","Chrysobalanaceae","Licania","Licania canescens",0.316433794152137,6.1
"tfe","74","Chrysobalanaceae","Licania","Licania canescens",0.185656414880855,5.6
"tfe","74","Chrysobalanaceae","Parinari","Parinari excelsa",0.215877268401771,5.4
"tfe","74","Sapotaceae","Pouteria","Pouteria krukovii",0.18111156202852,2.8
"tfe","74","Fabaceae","Inga","Inga laurina",0.157576477937622,3.9
"tfe","74","Chrysobalanaceae","Licania","Licania canescens",0.116388902899816,3.2
"tfe","74","Myrtaceae","Eugenia","Eugenia coffeifolia",0.0448253225640851,3.6
"tfe","74","Olacaceae","Dulacia","Dulacia candida",0.106203963701196,4.1
"tfe","74","Connaraceae","Connarus","Connarus fasciculatus",0.242766021288387,2.8
"tfe","75","Lauraceae","Ocotea","Ocotea cernua",0.0597822203391634,5.7
"tfe","75","Melastomataceae","Mouriri","Mouriri brachyanthera",0.151107039206233,4
"tfe","75","Lauraceae","Ocotea","Ocotea canaliculata",0.371824910241495,5
"tfe","75","Melastomataceae","Mouriri","Mouriri brachyanthera",0.156573004297978,2.5
"tfe","75","Chrysobalanaceae","Licania","Licania egleri",0.141120767885492,3.1
"tfe","75","Sapotaceae","Pouteria","Pouteria campanulata",0.0341816612447769,1.2
"tfe","75","Sapindaceae","Cupania","Cupania scrobiculata",0.196694023232704,2.7
"tfe","75","Chrysobalanaceae","Licania","Licania canescens",0.32703575361937,4.2
"tfe","75","Olacaceae","Dulacia","Dulacia candida",0.410622435900943,8.2
"tfe","75","Clusiaceae","Tovomita","Tovomita choisyana",0.0525153077543223,2.9
"tfe","75","Melastomataceae","Mouriri","Mouriri brachyanthera",0.141114689327547,9.4
"tfe","75","Fabaceae","Vouacapoua","Vouacapoua americana",0.492022521576069,4.6
"tfe","75","Malpighiaceae","Byrsonima","Byrsonima densa",0.0103026392540639,5.2
"tfe","75","Melastomataceae","Mouriri","Mouriri brachyanthera",0.0984304333666702,3.7
"tfe","75",NA,NA,NA,0.275249746635663,5.7
"tfe","76","Burseraceae","Protium","Protium decandrum",0.214014329943307,2.7
"tfe","76","Fabaceae","Swartzia","Swartzia polyphylla",0.313581327144126,3.2
"tfe","76","Burseraceae","Protium","Protium decandrum",0.268317612723151,3.8
"tfe","76","Burseraceae","Protium","Protium decandrum",0.273711440593524,3.3
"tfe","76","Burseraceae","Protium","Protium hebetatum",0.330081473347093,8.4
"tfe","76","Meliaceae","Guarea","Guarea guidonia",0.0138655716145073,1.7
"tfe","76","Celastraceae","Monteverdia","Monteverdia myrsinoides",0.200748063292403,7.3
"tfe","76","Sapotaceae","Pouteria","Pouteria anomala",0.426995474272022,8
"tfe","76","Annonaceae","Duguetia","Duguetia cadaverica",6.51231531158597e-16,1.3
"tfe","76","Chrysobalanaceae","Licania","Licania heteromorpha",0.485919897872383,6.2
"tfe","76","Sapotaceae","Pouteria","Pouteria anomala",0.0158622711462577,2.5
"tfe","76","Celastraceae","Monteverdia","Monteverdia myrsinoides",0.0942266838346806,4.1
"tfe","76","Celastraceae","Monteverdia","Monteverdia myrsinoides",0.289022009861642,4
"tfe","76","Sapotaceae","Pouteria","Pouteria decorticans",0.0185183536867586,6.7
"tfe","76","Quiinaceae","Lacunaria","Lacunaria crenata",0.158404112307345,3.3
"tfe","76","Sapotaceae","Manilkara","Manilkara elata",0.0571096501762301,5.9
"tfe","76","Burseraceae","Protium","Protium stevensonii",0.153005441873758,7.3
"tfe","85","Annonaceae","Unonopsis","Unonopsis guatterioides",0.0758016907569585,4
"tfe","85","Fabaceae","Tachigali","Tachigali glauca",0.457772495608942,5
"tfe","85","Burseraceae","Protium","Protium goudotianum",NA,1
"tfe","85","Celastraceae","Cheiloclinium","Cheiloclinium cognatum",0.01345759019027,2.6
"tfe","85","Myrtaceae","Eugenia","Eugenia omissa",0.0354868794284486,2.5
"tfe","85","Chrysobalanaceae","Licania","Licania egleri",0.164143513392177,4.5
"tfe","85","Celastraceae","Monteverdia","Monteverdia myrsinoides",0.386463581077533,9
"tfe","85","Myrtaceae","Eugenia","Eugenia coffeifolia",0.0378548696238492,2.1
"tfe","85","Fabaceae","Peltogyne","Peltogyne paniculata",0.185800276403041,4
"tfe","85","Myrtaceae","Myrciaria","Myrciaria floribunda",0.192687136525871,4.3
"tfe","85","Fabaceae","Swartzia","Swartzia racemosa",0.49912704945034,4.3
"tfe","85","Lecythidaceae","Eschweilera","Eschweilera amazonica",0.190074291859355,10
"tfe","85","Annonaceae","Bocageopsis","Bocageopsis multiflora",0.0912497566718144,4.1
"tfe","85","Lecythidaceae","Eschweilera","Eschweilera micrantha",0.182323626882787,4.2
"tfe","85","Lecythidaceae","Eschweilera","Eschweilera micrantha",0.145408045347372,5.3
"tfe","85","Fabaceae","Vouacapoua","Vouacapoua americana",0.256066124112219,4.6
"tfe","86","Fabaceae","Inga","Inga pilosula",0.0622154482420729,4.7
"tfe","86","Fabaceae","Inga","Inga brachyrhachis",0.024347654204778,7.2
"tfe","86","Meliaceae","Guarea","Guarea guidonia",0.00820031310042722,4.1
"tfe","86","Burseraceae","Protium","Protium decandrum",0.0621156394444924,4
"tfe","86","Lecythidaceae","Eschweilera","Eschweilera micrantha",0.171216052091924,6.6
"tfe","86",NA,NA,NA,0.106452677550628,3.8
"tfe","86","Anacardiaceae","Thyrsodium","Thyrsodium spruceanum",0.446603636128959,5.7
"tfe","86","Chrysobalanaceae","Licania","Licania heteromorpha",0.282703062976817,4.2
"tfe","86","Sapindaceae","Matayba","Matayba arborescens",0.164230863786655,4
"tfe","86","Lecythidaceae","Eschweilera","Eschweilera amazonica",0.364632920960717,6.4
"tfe","86","Fabaceae","Swartzia","Swartzia racemosa",0.155626366223622,2.4
"tfe","86","Lecythidaceae","Eschweilera","Eschweilera amazonica",0.119440303234636,7.7
"tfe","86","Burseraceae","Protium","Protium decandrum",0.220141699386109,5.6
"tfe","86","Myrtaceae","Eugenia","Eugenia omissa",0.100590551181101,4.8
"tfe","86","Myrtaceae","Myrcia","Myrcia splendens",0.270752634744261,3.2
"tfe","86","Annonaceae","Annona","Annona exsucca",0.0481848737131363,2.7
"tfe","86","Sapotaceae","Pouteria","Pouteria anomala",0.150733682337129,3.3
"tfe","86","Celastraceae","Salacia","Salacia impressifolia",0.215174813675457,4.3
"tfe","86","Connaraceae","Connarus","Connarus erianthus",0.0534770936320717,3.5
"tfe","86","Elaeocarpaceae","Sloanea","Sloanea sinemariensis",0.113257072355401,5.7
"tfe","86","Fabaceae","Vatairea","Vatairea erythrocarpa",0.201100617039067,7.2
"tfe","86","Fabaceae","Zygia","Zygia racemosa",0.0683423752699925,7.1
"tfe","86","Lecythidaceae","Eschweilera","Eschweilera micrantha",0.157076584513145,7.2
"tfe","86","Myrtaceae","Eugenia","Eugenia omissa",0.137803511599246,3
"tfe","86","Sapotaceae","Manilkara","Manilkara elata",0.131752642133357,7
"tfe","87","Annonaceae","Guatteria","Guatteria blepharophylla",0.0371547602898443,3.3
"tfe","87","Lauraceae","Rhodostemonodaphne","Rhodostemonodaphne grandis",0.0717033257890972,8.4
"tfe","87","Fabaceae","Dipteryx","Dipteryx odorata",0.361451779549424,5.7
"tfe","87","Lecythidaceae","Lecythis","Lecythis idatimon",0.0107584003514127,2
"tfe","87","Chrysobalanaceae","Hirtella","Hirtella racemosa",0.0859813445724437,3.2
"tfe","87","Annonaceae","Bocageopsis","Bocageopsis multiflora",0.0423167864740266,9.5
"tfe","87","Burseraceae","Protium","Protium stevensonii",0.0126183358013888,3
"tfe","87","Chrysobalanaceae","Hirtella","Hirtella racemosa var. hispida",0.0137613562243991,7.1
"tfe","87","Fabaceae","Vouacapoua","Vouacapoua americana",0.179226898611352,7
"tfe","87","Urticaceae","Pourouma","Pourouma guianensis",0.378174805015975,9.3
"tfe","87","Chrysobalanaceae","Couepia","Couepia guianensis",0.230194911028064,5
"tfe","87","Sapotaceae","Pouteria","Pouteria jariensis",0.0403054528511065,1.2
"tfe","87","Myristicaceae","Iryanthera","Iryanthera laevis",0.373980244419245,7.3
"tfe","87","Sapotaceae","Micropholis","Micropholis acutangula",0.0326658326533342,4.6
"tfe","87","Chrysobalanaceae","Licania","Licania canescens",0.037849133173662,6.8
"tfe","87",NA,NA,NA,0.207927580085619,1.9
"tfe","87","Lecythidaceae","Eschweilera","Eschweilera coriacea",0.147739925712117,4
"tfe","87","Fabaceae","Bocoa","Bocoa viridiflora",0.150017206181448,3.2
"tfe","87","Boraginaceae","Cordia","Cordia sellowiana",0.57448732773836,2.3
"tfe","88","Fabaceae","Inga","Inga stipularis",0.148901924853579,2.5
"tfe","88","Sapotaceae","Pouteria","Pouteria guianensis",0.0870153684344681,2
"tfe","88","Myrtaceae","Eugenia","Eugenia omissa",0.0383908405073095,2.3
"tfe","88","Sapotaceae","Pouteria","Pouteria bangii",0.175691839585971,4.1
"tfe","88","Burseraceae","Protium","Protium stevensonii",0.0879882033687562,1.3
"tfe","88","Quiinaceae","Quiina","Quiina florida",0.0419143668406618,9.4
"tfe","88","Meliaceae","Guarea","Guarea kunthiana",0.0523674817125889,3.3
"tfe","88","Violaceae","Leonia","Leonia cymosa",0.152328747259311,4.5
"tfe","88","Sapotaceae","Pouteria","Pouteria guianensis",0.414772727272717,8.4
"tfe","88","Lecythidaceae","Lecythis","Lecythis idatimon",0.0943555439644676,5.1
"tfe","88","Myrtaceae","Eugenia","Eugenia omissa",0.289501056696837,3.3
"tfe","88","Fabaceae","Tachigali","Tachigali glauca",0.217059076358288,4.4
"tfe","88","Sapindaceae","Pseudima","Pseudima frutescens",0.138633417032034,3
"tfe","89","Sapotaceae","Pouteria","Pouteria campanulata",0.0321659188610524,6
"tfe","89","Sapindaceae","Cupania","Cupania scrobiculata",0.174793016146095,2.2
"tfe","89","Fabaceae","Inga","Inga brachyrhachis",0.551966295000351,6.3
"tfe","89","Sapindaceae","Talisia","Talisia longifolia",0.180261509215452,4.3
"tfe","89","Myristicaceae","Iryanthera","Iryanthera laevis",0.211207549645536,3.4
"tfe","89","Meliaceae","Guarea","Guarea guidonia",0.2618909702581,2.4
"tfe","89","Myrtaceae","Eugenia","Eugenia coffeifolia",0.0743663788995559,3.1
"tfe","89","Lecythidaceae","Eschweilera","Eschweilera coriacea",0.120083320324206,2.4
"tfe","89","Burseraceae","Protium","Protium hebetatum",0.248713269286606,9
"tfe","89","Olacaceae","Minquartia","Minquartia guianensis",0.00578826646476721,1.6
"tfe","89","Rubiaceae","Amaioua","Amaioua guianensis",0.221512300693307,2
"tfe","89","Sapotaceae","Ecclinusa","Ecclinusa ramiflora",0.0694181630969616,6.3
"tfe","89","Chrysobalanaceae","Licania","Licania heteromorpha",0.112176780631813,2.1
"tfe","89","Chrysobalanaceae","Licania","Licania egleri",0.334845786131167,3.2
"tfe","89","Ochnaceae","Ouratea","Ouratea salicifolia",0.0347299104411674,2.4
"tfe","89","Lauraceae","Ocotea","Ocotea canaliculata",0.0174670291823644,2
