"plot","family","genus","search.str","rgr"
"control","Anacardiaceae","Thyrsodium","Thyrsodium spruceanum",0.0123740225997684
"control","Annonaceae","Bocageopsis","Bocageopsis multiflora",0.060288556586111
"control","Annonaceae","Duguetia","Duguetia cadaverica",0.0670810014667695
"control","Annonaceae","Duguetia","Duguetia echinophora",0.0119248303474988
"control","Annonaceae","Duguetia","Duguetia stelechantha",0.0533338073762001
"control","Annonaceae","Fusaea","Fusaea longifolia",0.0810716461224576
"control","Annonaceae","Guatteria","Guatteria blepharophylla",0.00352037599909481
"control","Annonaceae","Unonopsis","Unonopsis guatterioides",0.0340173531914635
"control","Apocynaceae","Aspidosperma","Aspidosperma excelsum",0.253022335065695
"control","Apocynaceae","Aspidosperma","Aspidosperma spruceanum",0.131444186759901
"control","Apocynaceae","Geissospermum","Geissospermum laeve",0.0434529022307782
"control","Apocynaceae","Lacmellea","Lacmellea arborescens",0.0518391210318761
"control","Bignoniaceae","Adenocalymma","Adenocalymma schomburgkii",0.033196569751093
"control","Bignoniaceae","Fridericia","Fridericia cinnamomea",0.0594816135999067
"control","Boraginaceae","Cordia","Cordia exaltata",0.224356245745019
"control","Boraginaceae","Cordia","Cordia nodosa",0.0938756538364385
"control","Boraginaceae","Cordia","Cordia sellowiana",0.0155166566860195
"control","Burseraceae","Protium","Protium altissimum",0.065263605325752
"control","Burseraceae","Protium","Protium apiculatum",0.0895174301032352
"control","Burseraceae","Protium","Protium krukovii",0.203606900045443
"control","Burseraceae","Protium","Protium pilosissimum",0.0927923330902963
"control","Burseraceae","Protium","Protium pilosum",-0.0900110701193554
"control","Burseraceae","Protium","Protium stevensonii",0.0766087417523078
"control","Burseraceae","Protium","Protium tenuifolium",0.168188066028926
"control","Burseraceae","Protium","Protium trifoliolatum",0.0819983743689159
"control","Celastraceae","Cheiloclinium","Cheiloclinium cognatum",0.165030262882176
"control","Celastraceae","Monteverdia","Monteverdia myrsinoides",0.0863244672734353
"control","Celastraceae","Salacia","Salacia impressifolia",0.0390355934907893
"control","Chrysobalanaceae","Couepia","Couepia bracteosa",0.0358511169231216
"control","Chrysobalanaceae","Couepia","Couepia guianensis",0.0771175544713901
"control","Chrysobalanaceae","Hirtella","Hirtella bicornis",-0.0175422511307688
"control","Chrysobalanaceae","Hirtella","Hirtella eriandra",0.0441507397769645
"control","Chrysobalanaceae","Hirtella","Hirtella glandulosa",0.0895778737999291
"control","Chrysobalanaceae","Hirtella","Hirtella racemosa",-0.00689646016913802
"control","Chrysobalanaceae","Hirtella","Hirtella racemosa var. hispida",0.226623962209537
"control","Chrysobalanaceae","Leptobalanus","Leptobalanus apetalus",0.071349215762078
"control","Chrysobalanaceae","Licania","Licania apetala",0.0204219612254134
"control","Chrysobalanaceae","Licania","Licania canescens",0.0725254374043713
"control","Chrysobalanaceae","Licania","Licania egleri",0.0488265542602186
"control","Chrysobalanaceae","Licania","Licania heteromorpha",0.186807588570259
"control","Chrysobalanaceae","Licania","Licania octandra",0.0269332069370699
"control","Chrysobalanaceae","Parinari","Parinari excelsa",0.0868993169787212
"control","Clusiaceae","Moronobea","Moronobea coccinea",0.0475823731197663
"control","Clusiaceae","Symphonia","Symphonia globulifera",0.0447397543519609
"control","Combretaceae","Buchenavia","Buchenavia oxycarpa",0.200632532612493
"control","Combretaceae","Terminalia","Terminalia argentea",0.116241819407207
"control","Connaraceae","Connarus","Connarus erianthus",0.0267520965602106
"control","Dichapetalaceae","Tapura","Tapura singularis",0.0795702506882498
"control","Elaeocarpaceae","Sloanea","Sloanea guianensis",-0.0726082273421363
"control","Elaeocarpaceae","Sloanea","Sloanea sinemariensis",0.0266421967047206
"control","Euphorbiaceae","Conceveiba","Conceveiba guianensis",0.145876061942681
"control","Fabaceae","Abarema","Abarema mataybifolia",0.0298489554401837
"control","Fabaceae","Bocoa","Bocoa viridiflora",0.0227942331253264
"control","Fabaceae","Deguelia","Deguelia urucu",-0.0063814988123157
"control","Fabaceae","Hymenolobium","Hymenolobium flavum",0.0392697401020978
"control","Fabaceae","Inga","Inga",0.0231242075464141
"control","Fabaceae","Inga","Inga alba",0.32344748737691
"control","Fabaceae","Inga","Inga auristellae",0.190198041046737
"control","Fabaceae","Inga","Inga brachyrhachis",0.0813783308462808
"control","Fabaceae","Inga","Inga capitata",0.145822661238582
"control","Fabaceae","Inga","Inga grandiflora",0.37299212758264
"control","Fabaceae","Inga","Inga heterophylla",0.122771422122833
"control","Fabaceae","Inga","Inga lateriflora",0.0405583336440266
"control","Fabaceae","Inga","Inga laurina",0.00407872556616592
"control","Fabaceae","Inga","Inga nobilis",0.0414955385811954
"control","Fabaceae","Inga","Inga pilosula",0.00577549833531712
"control","Fabaceae","Inga","Inga splendens",-0.175941724262856
"control","Fabaceae","Inga","Inga umbellifera",0.0466081143571314
"control","Fabaceae","Parkia","Parkia pendula",0.0386876502094611
"control","Fabaceae","Peltogyne","Peltogyne paniculata",0.0432700103851112
"control","Fabaceae","Stryphnodendron","Stryphnodendron paniculatum",0.0404370404878199
"control","Fabaceae","Swartzia","Swartzia arborescens",0.0180473646853542
"control","Fabaceae","Swartzia","Swartzia laurifolia",-0.00183152994818524
"control","Fabaceae","Swartzia","Swartzia racemosa",0.0114364271655349
"control","Fabaceae","Tachigali","Tachigali glauca",0.235315184324284
"control","Fabaceae","Tachigali","Tachigali paraensis",0.00572320500174005
"control","Fabaceae","Vatairea","Vatairea erythrocarpa",0.109316195500508
"control","Fabaceae","Vouacapoua","Vouacapoua americana",0.0382997047866575
"control","Fabaceae","Zygia","Zygia racemosa",0.164076322600566
"control","Humiriaceae","Vantanea","Vantanea parviflora",0.0357081552474325
"control","Hypericaceae","Vismia","Vismia latifolia",0.00624176752671347
"control","Lamiaceae","Vitex","Vitex triflora",0.0399801206115706
"control","Lauraceae","Endlicheria","Endlicheria",0.0201903085304403
"control","Lauraceae","Licaria","Licaria guianensis",-0.0275663060763453
"control","Lauraceae","Ocotea","Ocotea canaliculata",0.180094816607476
"control","Lauraceae","Ocotea","Ocotea caudata",-0.0094154669583068
"control","Lauraceae","Ocotea","Ocotea cernua",0.0623440397778032
"control","Lauraceae","Pleurothyrium","Pleurothyrium parviflorum",0.00438079156587662
"control","Lecythidaceae","Couratari","Couratari guianensis",0.0213394902441019
"control","Lecythidaceae","Eschweilera","Eschweilera amazonica",0.00153140760476631
"control","Lecythidaceae","Eschweilera","Eschweilera collina",0.0468026432502127
"control","Lecythidaceae","Eschweilera","Eschweilera coriacea",0.0143047790792295
"control","Lecythidaceae","Eschweilera","Eschweilera micrantha",0.0785083078868048
"control","Lecythidaceae","Eschweilera","Eschweilera pedicellata",0.0406802454843486
"control","Lecythidaceae","Lecythis","Lecythis idatimon",0.0867707154727375
"control","Linaceae","Roucheria","Roucheria columbiana",0.0377673642907836
"control","Loganiaceae","Strychnos","Strychnos amazonica",0.0315444074101542
"control","Malvaceae","Theobroma","Theobroma speciosum",-0.00545747370647462
"control","Melastomataceae","Miconia","Miconia affinis",0.105970976343654
"control","Melastomataceae","Miconia","Miconia grandifoliata",0.0965184684900715
"control","Melastomataceae","Mouriri","Mouriri apiranga",0.168729766191626
"control","Melastomataceae","Mouriri","Mouriri brachyanthera",0.0409549190815833
"control","Meliaceae","Guarea","Guarea grandifolia",0.443316819040819
"control","Meliaceae","Guarea","Guarea kunthiana",0.0499721471817981
"control","Meliaceae","Guarea","Guarea silvatica",0.0434103882471501
"control","Meliaceae","Trichilia","Trichilia quadrijuga",0.0817614757258436
"control","Metteniusaceae","Dendrobangia","Dendrobangia boliviana",0.0865938343446571
"control","Moraceae","Brosimum","Brosimum lactescens",0.104613349990878
"control","Moraceae","Brosimum","Brosimum rubescens",0.0700095415888485
"control","Moraceae","Helicostylis","Helicostylis pedunculata",0.09201260742476
"control","Moraceae","Helicostylis","Helicostylis scabra",0.11680454265364
"control","Moraceae","Helicostylis","Helicostylis tomentosa",0.123984409150576
"control","Moraceae","Maquira","Maquira guianensis",0.117650170641426
"control","Moraceae","Maquira","Maquira sclerophylla",0.0403333478368507
"control","Moraceae","Naucleopsis","Naucleopsis caloneura",0.0219126041250754
"control","Myristicaceae","Iryanthera","Iryanthera laevis",0.0498857829329219
"control","Myristicaceae","Virola","Virola crebrinervia",0.0520273652250575
"control","Myrtaceae","Eugenia","Eugenia cupulata",0.0435025186786024
"control","Myrtaceae","Eugenia","Eugenia flavescens",0.105380313797594
"control","Myrtaceae","Eugenia","Eugenia omissa",0.0201903778681075
"control","Myrtaceae","Eugenia","Eugenia patrisii",0.0369953121829462
"control","Myrtaceae","Eugenia","Eugenia stictopetala",0.0482351760644739
"control","Myrtaceae","Myrcia","Myrcia splendens",0.0483552898518434
"control","Myrtaceae","Myrciaria","Myrciaria tenella",-0.0133006905803783
"control","Nyctaginaceae","Guapira","Guapira venosa",0.22721425395944
"control","Nyctaginaceae","Neea","Neea oppositifolia",0.167950050924392
"control","Ochnaceae","Ouratea","Ouratea paraensis",0.112680568794987
"control","Ochnaceae","Ouratea","Ouratea salicifolia",-0.0400366838237004
"control","Olacaceae","Minquartia","Minquartia guianensis",0.0733918507671399
"control","Poaceae","Saccharum","Saccharum",0.0261502681357921
"control","Polygalaceae","Moutabea","Moutabea guianensis",0.0265631191211231
"control","Quiinaceae","Lacunaria","Lacunaria crenata",0.0267687930803495
"control","Quiinaceae","Quiina","Quiina florida",0.0751939404171407
"control","Rubiaceae","Alibertia","Alibertia edulis",-0.00432737298093453
"control","Rubiaceae","Amaioua","Amaioua guianensis",0.0199713797897417
"control","Rubiaceae","Faramea","Faramea crassifolia",0.105215020722544
"control","Rubiaceae","Posoqueria","Posoqueria latifolia",0.0052050095039822
"control","Rubiaceae","Psychotria","Psychotria sp.",0.0271300511917719
"control","Sapindaceae","Cupania","Cupania scrobiculata",0.106420880034459
"control","Sapindaceae","Matayba","Matayba arborescens",0.0793627422872494
"control","Sapindaceae","Matayba","Matayba guianensis",0.0234481930104733
"control","Sapindaceae","Porocystis","Porocystis toulicioides",0.0785820026693481
"control","Sapindaceae","Talisia","Talisia longifolia",0.0539208409679226
"control","Sapindaceae","Talisia","Talisia mollis",0.0121011467456413
"control","Sapotaceae","Ecclinusa","Ecclinusa guianensis",0.0283510160320203
"control","Sapotaceae","Ecclinusa","Ecclinusa ramiflora",0.19762648722805
"control","Sapotaceae","Manilkara","Manilkara elata",0.115805365228656
"control","Sapotaceae","Micropholis","Micropholis acutangula",0.0744083914131536
"control","Sapotaceae","Micropholis","Micropholis guyanensis",0.249948703244051
"control","Sapotaceae","Micropholis","Micropholis venulosa",0.223510474922516
"control","Sapotaceae","Pouteria","Pouteria anibifolia",0.0669957632142594
"control","Sapotaceae","Pouteria","Pouteria anomala",0.050507390040629
"control","Sapotaceae","Pouteria","Pouteria bangii",0.0167983808142729
"control","Sapotaceae","Pouteria","Pouteria campanulata",0.0497621473087714
"control","Sapotaceae","Pouteria","Pouteria cladantha",0.0295105019481934
"control","Sapotaceae","Pouteria","Pouteria decorticans",0.0587969158724518
"control","Sapotaceae","Pouteria","Pouteria elegans",0.00153833714165452
"control","Sapotaceae","Pouteria","Pouteria gongrijpii",0.13275796152759
"control","Sapotaceae","Pouteria","Pouteria guianensis",0.0315068966190355
"control","Sapotaceae","Pouteria","Pouteria jariensis",0.189204865364892
"control","Sapotaceae","Pouteria","Pouteria krukovii",0.0797482939138128
"control","Sapotaceae","Pouteria","Pouteria oppositifolia",0.158060091386715
"control","Sapotaceae","Pouteria","Pouteria procera",0.0780658147457447
"control","Sapotaceae","Pouteria","Pouteria reticulata",0.10221739391695
"control","Sapotaceae","Pouteria","Pouteria sagotiana",0.0617695114290813
"control","Sapotaceae","Pouteria","Pouteria venosa",0.034363569843408
"control","Simaroubaceae","Homalolepis","Homalolepis cedron",0.0518539895271508
"control","Simaroubaceae","Simaba","Simaba guianensis",0.074396189203609
"control","Siparunaceae","Siparuna","Siparuna cuspidata",0.0742348559643399
"control","Siparunaceae","Siparuna","Siparuna poeppigii",0.0189997302633052
"control","Urticaceae","Cecropia","Cecropia palmata",0.612116893036104
"control","Urticaceae","Cecropia","Cecropia sciadophylla",0.0553983965233748
"control","Violaceae","Amphirrhox","Amphirrhox longifolia",0.077653220706156
"control","Violaceae","Leonia","Leonia cymosa",0.167413971027634
"control","Violaceae","Rinorea","Rinorea guianensis",0.0512186856465405
"control","Violaceae","Rinorea","Rinorea pubiflora var. pubiflora",0.0509255210451286
"tfe","Anacardiaceae","Thyrsodium","Thyrsodium spruceanum",0.446603636128959
"tfe","Annonaceae","Annona","Annona exsucca",0.0481848737131363
"tfe","Annonaceae","Bocageopsis","Bocageopsis multiflora",0.184725242675078
"tfe","Annonaceae","Duguetia","Duguetia cadaverica",0.0471538603134305
"tfe","Annonaceae","Guatteria","Guatteria blepharophylla",0.0371547602898443
"tfe","Annonaceae","Guatteria","Guatteria punctata",0.204797099565199
"tfe","Annonaceae","Guatteria","Guatteria schomburgkiana",0.39758200964789
"tfe","Annonaceae","Unonopsis","Unonopsis guatterioides",0.0758016907569585
"tfe","Apocynaceae","Aspidosperma","Aspidosperma excelsum",0.0929355867553772
"tfe","Apocynaceae","Aspidosperma","Aspidosperma spruceanum",0.36176946882853
"tfe","Boraginaceae","Cordia","Cordia exaltata",0.563023898775216
"tfe","Boraginaceae","Cordia","Cordia sellowiana",0.57448732773836
"tfe","Burseraceae","Protium","Protium altissimum",0.135988185452159
"tfe","Burseraceae","Protium","Protium decandrum",0.155067635033011
"tfe","Burseraceae","Protium","Protium hebetatum",0.284977005766913
"tfe","Burseraceae","Protium","Protium krukovii",0.325107308950602
"tfe","Burseraceae","Protium","Protium pilosum",0.0958346130972617
"tfe","Burseraceae","Protium","Protium stevensonii",0.0472378110555054
"tfe","Burseraceae","Protium","Protium trifoliolatum",0.212762835570375
"tfe","Celastraceae","Cheiloclinium","Cheiloclinium cognatum",0.0306867368656395
"tfe","Celastraceae","Monteverdia","Monteverdia myrsinoides",0.19370638189142
"tfe","Celastraceae","Salacia","Salacia impressifolia",0.215174813675457
"tfe","Chrysobalanaceae","Couepia","Couepia guianensis",0.185924005098624
"tfe","Chrysobalanaceae","Hirtella","Hirtella eriandra",0.191673338611501
"tfe","Chrysobalanaceae","Hirtella","Hirtella glandulosa",0.170518576180748
"tfe","Chrysobalanaceae","Hirtella","Hirtella racemosa",0.211089169942987
"tfe","Chrysobalanaceae","Hirtella","Hirtella racemosa var. hispida",0.0137613562243991
"tfe","Chrysobalanaceae","Licania","Licania canescens",0.175431071319984
"tfe","Chrysobalanaceae","Licania","Licania egleri",0.15955763980282
"tfe","Chrysobalanaceae","Licania","Licania heteromorpha",0.293599913827004
"tfe","Chrysobalanaceae","Licania","Licania octandra",0.0397184154924302
"tfe","Chrysobalanaceae","Parinari","Parinari excelsa",0.25967095017347
"tfe","Clusiaceae","Tovomita","Tovomita choisyana",-0.0343021083224816
"tfe","Connaraceae","Connarus","Connarus erianthus",0.113312912162661
"tfe","Connaraceae","Connarus","Connarus fasciculatus",0.242766021288387
"tfe","Dichapetalaceae","Tapura","Tapura singularis",0.527941519995198
"tfe","Ebenaceae","Diospyros","Diospyros capreifolia",0.0644267976458658
"tfe","Elaeocarpaceae","Sloanea","Sloanea sinemariensis",0.113257072355401
"tfe","Fabaceae","Bocoa","Bocoa viridiflora",0.0891176295761275
"tfe","Fabaceae","Dipteryx","Dipteryx odorata",0.361451779549424
"tfe","Fabaceae","Inga","Inga brachyrhachis",0.288156974602564
"tfe","Fabaceae","Inga","Inga edulis",0.015857594624786
"tfe","Fabaceae","Inga","Inga laurina",0.259852060299597
"tfe","Fabaceae","Inga","Inga pilosula",0.0622154482420729
"tfe","Fabaceae","Inga","Inga splendens",0.487270201184754
"tfe","Fabaceae","Inga","Inga stipularis",0.148901924853579
"tfe","Fabaceae","Peltogyne","Peltogyne paniculata",0.185800276403041
"tfe","Fabaceae","Swartzia","Swartzia arborescens",0.174828910432326
"tfe","Fabaceae","Swartzia","Swartzia polyphylla",0.313581327144126
"tfe","Fabaceae","Swartzia","Swartzia racemosa",0.327376707836981
"tfe","Fabaceae","Tachigali","Tachigali glauca",0.293364937216924
"tfe","Fabaceae","Tachigali","Tachigali paraensis",0.182740723836647
"tfe","Fabaceae","Vatairea","Vatairea erythrocarpa",0.201100617039067
"tfe","Fabaceae","Vouacapoua","Vouacapoua americana",0.309105181433213
"tfe","Fabaceae","Zygia","Zygia racemosa",0.0802782082889494
"tfe","Humiriaceae","Vantanea","Vantanea parviflora",0.254136422272246
"tfe","Lauraceae","Aniba","Aniba parviflora",0.234885582380164
"tfe","Lauraceae","Ocotea","Ocotea canaliculata",0.227797400346634
"tfe","Lauraceae","Ocotea","Ocotea caudata",0.0544144321184418
"tfe","Lauraceae","Ocotea","Ocotea cernua",0.0597822203391634
"tfe","Lauraceae","Rhodostemonodaphne","Rhodostemonodaphne grandis",0.0717033257890972
"tfe","Lecythidaceae","Couratari","Couratari guianensis",0.233735518073742
"tfe","Lecythidaceae","Couratari","Couratari tenuicarpa",0.151978189503837
"tfe","Lecythidaceae","Eschweilera","Eschweilera amazonica",0.256370012631058
"tfe","Lecythidaceae","Eschweilera","Eschweilera coriacea",0.143140123527375
"tfe","Lecythidaceae","Eschweilera","Eschweilera micrantha",0.164006077208807
"tfe","Lecythidaceae","Eschweilera","Eschweilera pedicellata",0.121835164270366
"tfe","Lecythidaceae","Gustavia","Gustavia augusta",0.0289829403005164
"tfe","Lecythidaceae","Lecythis","Lecythis idatimon",0.0376484739434642
"tfe","Loganiaceae","Strychnos","Strychnos amazonica",-0.157984119833289
"tfe","Malpighiaceae","Byrsonima","Byrsonima densa",0.0103026392540639
"tfe","Melastomataceae","Mouriri","Mouriri brachyanthera",0.144758327813974
"tfe","Meliaceae","Guarea","Guarea guidonia",0.0631152648064879
"tfe","Meliaceae","Guarea","Guarea kunthiana",0.0523674817125889
"tfe","Moraceae","Brosimum","Brosimum guianense",0.211474100724085
"tfe","Moraceae","Trymatococcus","Trymatococcus amazonicus",-0.0308372077608581
"tfe","Myristicaceae","Iryanthera","Iryanthera laevis",0.29259389703239
"tfe","Myrtaceae","Eugenia","Eugenia coffeifolia",0.10349575091112
"tfe","Myrtaceae","Eugenia","Eugenia omissa",0.111382777965394
"tfe","Myrtaceae","Eugenia","Eugenia stictopetala",0.135958941101
"tfe","Myrtaceae","Myrcia","Myrcia splendens",0.175545010706254
"tfe","Myrtaceae","Myrciaria","Myrciaria floribunda",0.051805676856603
"tfe","Ochnaceae","Ouratea","Ouratea salicifolia",0.104820514665799
"tfe","Olacaceae","Dulacia","Dulacia candida",0.391550050446283
"tfe","Olacaceae","Minquartia","Minquartia guianensis",-0.0198827231167315
"tfe","Proteaceae","Roupala","Roupala montana",0.209312367814279
"tfe","Quiinaceae","Lacunaria","Lacunaria crenata",0.0617513727265148
"tfe","Quiinaceae","Lacunaria","Lacunaria jenmanii",0.368519675296546
"tfe","Quiinaceae","Quiina","Quiina florida",0.0868911877417586
"tfe","Rubiaceae","Alibertia","Alibertia edulis",0.346030512582885
"tfe","Rubiaceae","Amaioua","Amaioua guianensis",0.101198732417928
"tfe","Rubiaceae","Faramea","Faramea crassifolia",0.268661198020069
"tfe","Rubiaceae","Posoqueria","Posoqueria latifolia",0.155634241208538
"tfe","Sapindaceae","Cupania","Cupania scrobiculata",0.180180722169036
"tfe","Sapindaceae","Matayba","Matayba arborescens",0.164230863786655
"tfe","Sapindaceae","Porocystis","Porocystis toulicioides",0.34339589615793
"tfe","Sapindaceae","Pseudima","Pseudima frutescens",0.302250680870444
"tfe","Sapindaceae","Talisia","Talisia longifolia",0.159016067320868
"tfe","Sapotaceae","Chrysophyllum","Chrysophyllum prieurii",0.155434765242941
"tfe","Sapotaceae","Ecclinusa","Ecclinusa guianensis",0.185670371595695
"tfe","Sapotaceae","Ecclinusa","Ecclinusa ramiflora",0.0694181630969616
"tfe","Sapotaceae","Manilkara","Manilkara elata",0.0652307978507915
"tfe","Sapotaceae","Manilkara","Manilkara paraensis",0.103693181818182
"tfe","Sapotaceae","Micropholis","Micropholis acutangula",0.0326658326533342
"tfe","Sapotaceae","Micropholis","Micropholis egensis",0.0989733477217279
"tfe","Sapotaceae","Micropholis","Micropholis guyanensis",0.147114159362662
"tfe","Sapotaceae","Pouteria","Pouteria anomala",0.13203340384547
"tfe","Sapotaceae","Pouteria","Pouteria bangii",0.175691839585971
"tfe","Sapotaceae","Pouteria","Pouteria caimito",0.059644026763135
"tfe","Sapotaceae","Pouteria","Pouteria campanulata",0.0331737900529147
"tfe","Sapotaceae","Pouteria","Pouteria cladantha",0.0545887503569662
"tfe","Sapotaceae","Pouteria","Pouteria decorticans",0.00088742432931176
"tfe","Sapotaceae","Pouteria","Pouteria elegans",0.0352717146547655
"tfe","Sapotaceae","Pouteria","Pouteria guianensis",0.161700318200887
"tfe","Sapotaceae","Pouteria","Pouteria jariensis",0.117644860981535
"tfe","Sapotaceae","Pouteria","Pouteria krukovii",0.143090673742619
"tfe","Sapotaceae","Pouteria","Pouteria venosa",0.505112957799247
"tfe","Simaroubaceae","Homalolepis","Homalolepis cedron",0.26860103889046
"tfe","Ulmaceae","Ampelocera","Ampelocera edentula",0.379212230079852
"tfe","Urticaceae","Pourouma","Pourouma guianensis",0.378174805015975
"tfe","Violaceae","Leonia","Leonia cymosa",0.152328747259311
"tfe","Violaceae","Paypayrola","Paypayrola grandiflora",0.136861710594276
"tfe","Vochysiaceae","Qualea","Qualea paraensis",0.530844989405892
